track_id,race_date,race_number,distance_id,course_type,track_condition,run_up_distance,race_type,purse,post_time
AQU,2019-01-01,1,650,D,MY ,36,AOC,80000,01220
AQU,2019-01-01,2,600,D,MY ,48,MCL,41000,01250
AQU,2019-01-01,3,550,D,MY ,54,MCL,35000,00121
AQU,2019-01-01,4,900,D,MY ,101,AOC,80000,00150
AQU,2019-01-01,5,700,D,MY ,60,ALW,64000,00220
AQU,2019-01-01,6,600,D,MY ,48,MCL,46000,00251
AQU,2019-01-01,7,650,D,GD ,36,AOC,67000,00323
AQU,2019-01-01,8,800,D,GD ,54,STK,150000,00350
AQU,2019-01-01,9,600,D,GD ,48,CLM,25000,00420
AQU,2019-01-04,1,800,D,FT ,54,MSW,68000,01250
AQU,2019-01-04,2,700,D,FT ,45,MSW,68000,00122
AQU,2019-01-04,3,600,D,FT ,48,CLM,28000,00157
AQU,2019-01-04,4,700,D,FT ,45,MCL,46000,00227
AQU,2019-01-04,5,900,D,FT ,72,CLM,46000,00300
AQU,2019-01-04,6,800,D,FT ,54,CLM,32000,00331
AQU,2019-01-04,7,900,D,FT ,98,AOC,67000,00359
AQU,2019-01-04,8,600,D,FT ,48,MCL,30000,00428
AQU,2019-01-05,1,800,D,SY ,54,MCL,33000,01226
AQU,2019-01-05,2,800,D,SY ,54,STR,55000,01256
AQU,2019-01-05,3,800,D,SY ,54,MSW,60000,00126
AQU,2019-01-05,4,650,D,SY ,32,MSW,60000,00158
AQU,2019-01-05,5,650,D,SY ,32,AOC,75000,00226
AQU,2019-01-05,6,550,D,SY ,52,MSW,60000,00258
AQU,2019-01-05,7,600,D,SY ,48,ALW,70000,00327
AQU,2019-01-05,8,700,D,SY ,45,STK,100000,00358
AQU,2019-01-05,9,900,D,SY ,96,CLM,28000,00428
AQU,2019-01-06,1,800,D,MY ,54,CLM,43000,01250
AQU,2019-01-06,2,550,D,MY ,52,CLM,36000,00122
AQU,2019-01-06,3,650,D,MY ,32,MCL,41000,00155
AQU,2019-01-06,4,800,D,MY ,54,SOC,60000,00226
AQU,2019-01-06,5,800,D,MY ,54,MCL,35000,00257
AQU,2019-01-06,6,650,D,MY ,32,CLM,36000,00327
AQU,2019-01-06,7,600,D,MY ,45,AOC,64000,00358
AQU,2019-01-06,8,700,D,MY ,45,AOC,67000,00428
AQU,2019-01-10,1,800,D,FT ,54,STR,55000,01250
AQU,2019-01-10,2,900,D,FT ,101,MSW,60000,00122
AQU,2019-01-10,3,800,D,FT ,54,MCL,30000,00200
AQU,2019-01-10,4,600,D,FT ,48,MSW,68000,00229
AQU,2019-01-10,5,600,D,FT ,48,CLM,42000,00257
AQU,2019-01-11,1,800,D,FT ,54,MSW,68000,01250
AQU,2019-01-11,2,800,D,FT ,54,CLM,36000,00122
AQU,2019-01-11,3,600,D,FT ,52,MSW,60000,00155
AQU,2019-01-11,4,800,D,FT ,54,AOC,70000,00227
AQU,2019-01-11,5,600,D,FT ,52,MSW,60000,00258
AQU,2019-01-11,6,550,D,FT ,60,CLM,46000,00327
AQU,2019-01-11,7,700,D,FT ,44,ALW,64000,00359
AQU,2019-01-11,8,650,D,FT ,33,MCL,33000,00429
AQU,2019-01-12,1,650,D,FT ,32,MCL,35000,01228
AQU,2019-01-12,2,550,D,FT ,54,CLM,32000,00100
AQU,2019-01-12,3,650,D,FT ,32,STR,55000,00130
AQU,2019-01-12,4,650,D,FT ,32,MCL,35000,00202
AQU,2019-01-12,5,600,D,FT ,45,CLM,28000,00231
AQU,2019-01-12,6,600,D,FT ,45,CLM,32000,00300
AQU,2019-01-12,7,800,D,FT ,54,ALW,70000,00331
AQU,2019-01-12,8,700,D,FT ,45,STK,100000,00402
AQU,2019-01-12,9,800,D,FT ,54,MCL,33000,00432
AQU,2019-01-13,1,550,D,FT ,63,MSW,68000,01251
AQU,2019-01-13,2,900,D,FT ,84,AOC,75000,00122
AQU,2019-01-13,3,650,D,FT ,45,CLM,42000,00157
AQU,2019-01-13,4,550,D,FT ,63,MCL,35000,00226
AQU,2019-01-13,5,600,D,FT ,48,CLM,28000,00259
AQU,2019-01-13,6,800,D,FT ,54,MSW,68000,00330
AQU,2019-01-13,7,650,D,FT ,45,STK,100000,00400
AQU,2019-01-13,8,600,D,FT ,48,CLM,28000,00430
AQU,2019-01-18,1,600,D,FT ,48,STR,55000,01251
AQU,2019-01-18,2,600,D,FT ,48,SOC,60000,00123
AQU,2019-01-18,3,600,D,FT ,48,MCL,33000,00156
AQU,2019-01-18,4,800,D,FT ,54,CLM,57000,00227
AQU,2019-01-18,5,800,D,FT ,54,MCL,35000,00257
AQU,2019-01-18,6,800,D,FT ,54,CLM,42000,00327
AQU,2019-01-18,7,650,D,FT ,34,AOC,70000,00358
AQU,2019-01-18,8,600,D,FT ,48,CLM,37000,00428
AQU,2019-01-19,1,600,D,FT ,36,MSW,68000,01229
AQU,2019-01-19,2,900,D,FT ,99,CLM,28000,00101
AQU,2019-01-19,3,700,D,FT ,40,CLM,50000,00132
AQU,2019-01-19,4,800,D,FT ,54,MCL,41000,00201
AQU,2019-01-19,5,700,D,FT ,40,STK,100000,00229
AQU,2019-01-19,6,800,D,FT ,54,CLM,28000,00301
AQU,2019-01-19,7,600,D,FT ,36,CLM,46000,00330
AQU,2019-01-19,8,900,D,FT ,99,AOC,64000,00400
AQU,2019-01-19,9,800,D,FT ,54,CLM,25000,00430
AQU,2019-01-20,1,900,D,SY ,101,MCL,35000,01250
AQU,2019-01-20,2,800,D,SY ,54,AOC,64000,00119
AQU,2019-01-20,3,550,D,SY ,52,MCL,35000,00147
AQU,2019-01-20,4,600,D,SY ,48,CLM,43000,00217
AQU,2019-01-20,5,700,D,SY ,45,MSW,60000,00245
AQU,2019-01-20,6,600,D,SY ,48,CLM,48000,00311
AQU,2019-01-20,7,900,D,SY ,101,STK,100000,00339
AQU,2019-01-20,8,550,D,SY ,52,MCL,35000,00407
AQU,2019-01-25,1,600,D,MY ,45,MCL,41000,01225
AQU,2019-01-25,2,600,D,MY ,45,AOC,67000,01256
AQU,2019-01-25,3,600,D,MY ,45,MSW,60000,00127
AQU,2019-01-25,4,600,D,MY ,45,MCL,30000,00158
AQU,2019-01-25,5,800,D,GD ,52,CLM,20000,00227
AQU,2019-01-25,6,800,D,GD ,52,MCL,35000,00258
AQU,2019-01-25,7,800,D,GD ,52,AOC,67000,00328
AQU,2019-01-25,8,700,D,GD ,44,STK,100000,00401
AQU,2019-01-25,9,550,D,GD ,51,CLM,28000,00429
AQU,2019-01-26,1,800,D,FT ,54,AOC,67000,01225
AQU,2019-01-26,2,650,D,FT ,30,MCL,35000,01255
AQU,2019-01-26,3,800,D,FT ,54,AOC,64000,00128
AQU,2019-01-26,4,600,D,FT ,48,SOC,60000,00156
AQU,2019-01-26,5,550,D,FT ,52,MSW,60000,00227
AQU,2019-01-26,6,650,D,FT ,30,ALW,70000,00253
AQU,2019-01-26,7,800,D,FT ,54,CLM,28000,00323
AQU,2019-01-26,8,900,D,FT ,92,STK,100000,00351
AQU,2019-01-26,9,800,D,FT ,54,CLM,40000,00420
AQU,2019-01-26,10,800,D,FT ,54,MCL,33000,00449
AQU,2019-01-27,1,600,D,FT ,45,MSW,68000,01227
AQU,2019-01-27,2,800,D,FT ,54,CLM,43000,01259
AQU,2019-01-27,3,600,D,FT ,45,MCL,35000,00133
AQU,2019-01-27,4,950,D,FT ,52,SHP,50000,00203
AQU,2019-01-27,5,600,D,FT ,45,AOC,67000,00232
AQU,2019-01-27,6,600,D,FT ,45,CLM,36000,00304
AQU,2019-01-27,7,600,D,FT ,45,AOC,75000,00334
AQU,2019-01-27,8,700,D,FT ,44,STK,100000,00405
AQU,2019-01-27,9,800,D,FT ,54,MSW,60000,00436
AQU,2019-02-01,1,600,D,FT ,48,CLM,57000,01250
AQU,2019-02-01,2,700,D,FT ,45,MSW,68000,00123
AQU,2019-02-01,3,600,D,FT ,48,MCL,41000,00154
AQU,2019-02-01,4,600,D,FT ,40,AOC,75000,00223
AQU,2019-02-01,5,900,D,FT ,102,MCL,30000,00252
AQU,2019-02-01,6,550,D,FT ,54,CLM,25000,00319
AQU,2019-02-01,7,800,D,FT ,54,SOC,60000,00347
AQU,2019-02-01,8,550,D,FT ,52,MCL,33000,00419
AQU,2019-02-02,1,800,D,FT ,54,SHP,45000,01220
AQU,2019-02-02,2,900,D,FT ,105,MSW,68000,01251
AQU,2019-02-02,3,650,D,FT ,34,CLM,32000,00121
AQU,2019-02-02,4,800,D,FT ,54,MSW,68000,00151
AQU,2019-02-02,5,550,D,FT ,55,MCL,46000,00232
AQU,2019-02-02,6,800,D,FT ,54,AOC,75000,00300
AQU,2019-02-02,7,600,D,FT ,42,CLM,20000,00330
AQU,2019-02-02,8,800,D,FT ,54,AOC,64000,00400
AQU,2019-02-02,9,900,D,FT ,98,STK,250000,00431
AQU,2019-02-02,10,650,D,FT ,34,CLM,28000,00503
AQU,2019-02-03,1,800,D,FT ,54,ALW,70000,01250
AQU,2019-02-03,2,600,D,FT ,40,MSW,68000,00120
AQU,2019-02-03,3,600,D,FT ,34,CLM,46000,00150
AQU,2019-02-03,4,650,D,FT ,36,MSW,60000,00223
AQU,2019-02-03,5,600,D,FT ,34,AOC,64000,00252
AQU,2019-02-03,6,650,D,FT ,36,MSW,60000,00326
AQU,2019-02-03,7,700,D,FT ,46,CLM,36000,00358
AQU,2019-02-03,8,900,D,FT ,98,STK,100000,00429
AQU,2019-02-03,9,600,D,FT ,40,STR,55000,00458
AQU,2019-02-07,1,700,D,MY ,44,CLM,28000,01251
AQU,2019-02-07,2,600,D,MY ,45,MCL,30000,00125
AQU,2019-02-07,3,700,D,MY ,44,MSW,60000,00153
AQU,2019-02-07,4,600,D,MY ,45,CLM,28000,00226
AQU,2019-02-07,5,800,D,MY ,52,AOC,64000,00258
AQU,2019-02-07,6,650,D,MY ,48,WCL,37000,00330
AQU,2019-02-07,7,800,D,MY ,52,AOC,80000,00359
AQU,2019-02-07,8,800,D,MY ,52,CLM,16000,00433
AQU,2019-02-08,1,800,D,SY ,54,MCL,35000,01250
AQU,2019-02-08,2,700,D,SY ,44,CLM,44000,00122
AQU,2019-02-08,3,600,D,SY ,48,CLM,46000,00156
AQU,2019-02-08,4,600,D,SY ,48,MCL,46000,00226
AQU,2019-02-08,5,800,D,SY ,54,MSW,60000,00257
AQU,2019-02-08,6,650,D,SY ,45,STR,55000,00329
AQU,2019-02-08,7,600,D,SY ,48,ALW,64000,00400
AQU,2019-02-08,8,600,D,SY ,48,MCL,35000,00433
AQU,2019-02-09,1,650,D,FT ,45,MSW,68000,01250
AQU,2019-02-09,2,700,D,FT ,44,CLM,20000,00124
AQU,2019-02-09,3,900,D,FT ,84,CLM,25000,00156
AQU,2019-02-09,4,650,D,FT ,45,MCL,33000,00228
AQU,2019-02-09,5,600,D,FT ,50,ALW,70000,00301
AQU,2019-02-09,6,600,D,FT ,50,MCL,35000,00335
AQU,2019-02-09,7,700,D,FT ,44,SOC,60000,00405
AQU,2019-02-09,8,700,D,FT ,44,STK,150000,00433
AQU,2019-02-09,9,600,D,FT ,50,MCL,35000,00504
AQU,2019-02-10,1,700,D,FT ,45,MCL,30000,01250
AQU,2019-02-10,2,900,D,FT ,92,CLM,28000,00125
AQU,2019-02-10,3,800,D,FT ,54,MCL,35000,00157
AQU,2019-02-10,4,550,D,FT ,51,ALW,64000,00228
AQU,2019-02-10,5,800,D,FT ,54,MCL,46000,00300
AQU,2019-02-10,6,600,D,FT ,54,CLM,43000,00329
AQU,2019-02-10,7,700,D,FT ,45,CLM,55000,00359
AQU,2019-02-10,8,800,D,FT ,54,STK,100000,00446
AQU,2019-02-15,1,800,D,FT ,54,MSW,68000,01250
AQU,2019-02-15,2,800,D,FT ,54,MCL,33000,00122
AQU,2019-02-15,3,800,D,FT ,54,CLM,50000,00154
AQU,2019-02-15,4,550,D,FT ,44,MCL,35000,00227
AQU,2019-02-15,5,600,D,FT ,45,CLM,28000,00301
AQU,2019-02-15,6,600,D,FT ,45,MCL,46000,00334
AQU,2019-02-15,7,800,D,FT ,54,AOC,75000,00408
AQU,2019-02-15,8,600,D,FT ,45,CLM,28000,00441
AQU,2019-02-16,1,700,D,FT ,44,MSW,60000,01251
AQU,2019-02-16,2,700,D,FT ,44,AOC,67000,00122
AQU,2019-02-16,3,650,D,FT ,38,CLM,46000,00154
AQU,2019-02-16,4,800,D,FT ,54,MSW,60000,00227
AQU,2019-02-16,5,600,D,FT ,48,CLM,16000,00300
AQU,2019-02-16,6,800,D,FT ,54,CLM,28000,00334
AQU,2019-02-16,7,600,D,FT ,48,ALW,70000,00408
AQU,2019-02-16,8,600,D,FT ,48,STK,100000,00442
AQU,2019-02-16,9,800,D,FT ,54,MCL,35000,00512
AQU,2019-02-17,1,650,D,FT ,40,MSW,68000,01251
AQU,2019-02-17,2,800,D,FT ,54,CLM,37000,00125
AQU,2019-02-17,3,800,D,FT ,54,MCL,46000,00157
AQU,2019-02-17,4,900,D,FT ,96,AOC,67000,00230
AQU,2019-02-17,5,600,D,FT ,48,MSW,60000,00304
AQU,2019-02-17,6,700,D,FT ,44,CLM,50000,00337
AQU,2019-02-17,7,800,D,FT ,54,STK,100000,00410
AQU,2019-02-17,8,600,D,FT ,48,MSW,60000,00443
AQU,2019-02-18,1,700,D,FT ,44,MCL,35000,01251
AQU,2019-02-18,2,900,D,FT ,96,CLM,28000,00121
AQU,2019-02-18,3,800,D,FT ,54,MCL,33000,00153
AQU,2019-02-18,4,800,D,FT ,54,STR,55000,00223
AQU,2019-02-18,5,800,D,FT ,54,MSW,68000,00255
AQU,2019-02-18,6,800,D,FT ,54,AOC,64000,00326
AQU,2019-02-18,7,600,D,FT ,54,AOC,64000,00356
AQU,2019-02-18,8,600,D,FT ,54,STK,100000,00430
AQU,2019-02-18,9,650,D,FT ,45,CLM,36000,00503
AQU,2019-02-21,1,900,D,SY ,94,MCL,33000,01250
AQU,2019-02-21,2,800,D,SY ,54,MSW,68000,00122
AQU,2019-02-21,3,800,D,SY ,54,CLM,36000,00154
AQU,2019-02-21,4,650,D,SY ,38,MCL,46000,00228
AQU,2019-02-21,5,650,D,SY ,38,MCL,41000,00301
AQU,2019-02-21,6,800,D,SY ,54,CLM,43000,00333
AQU,2019-02-21,7,700,D,SY ,45,SOC,60000,00408
AQU,2019-02-21,8,800,D,SY ,54,ALW,70000,00440
AQU,2019-02-22,1,700,D,MY ,44,MSW,60000,01250
AQU,2019-02-22,2,600,D,GD ,44,CLM,25000,00122
AQU,2019-02-22,3,600,D,GD ,44,AOC,70000,00154
AQU,2019-02-22,4,650,D,GD ,38,MCL,46000,00227
AQU,2019-02-22,5,800,D,GD ,54,MCL,30000,00300
AQU,2019-02-22,6,800,D,GD ,54,CLM,40000,00333
AQU,2019-02-22,7,900,D,GD ,96,CLM,60000,00409
AQU,2019-02-22,8,600,D,GD ,44,CLM,28000,00440
AQU,2019-02-23,1,800,D,FT ,54,CLM,36000,01250
AQU,2019-02-23,2,600,D,FT ,45,MSW,60000,00121
AQU,2019-02-23,3,700,D,FT ,44,AOC,67000,00151
AQU,2019-02-23,4,600,D,FT ,45,MSW,60000,00226
AQU,2019-02-23,5,600,D,FT ,45,ALW,64000,00253
AQU,2019-02-23,6,650,D,FT ,36,MSW,68000,00325
AQU,2019-02-23,7,700,D,FT ,44,AOC,75000,00357
AQU,2019-02-23,8,600,D,FT ,45,STK,100000,00426
AQU,2019-02-23,9,600,D,FT ,45,CLM,25000,00457
AQU,2019-02-24,1,550,D,SY ,48,MSW,68000,01251
AQU,2019-02-24,2,700,D,SY ,52,CLM,37000,00123
AQU,2019-02-24,3,600,D,SY ,50,CLM,36000,00155
AQU,2019-02-24,4,800,D,SY ,54,CLM,48000,00225
AQU,2019-02-24,5,550,D,SY ,48,CLM,28000,00256
AQU,2019-02-24,6,700,D,SY ,52,AOC,75000,00330
AQU,2019-02-24,7,900,D,SY ,92,AOC,64000,00358
AQU,2019-02-24,8,600,D,SY ,50,MCL,33000,00429
AQU,2019-02-28,1,650,D,FT ,36,MCL,30000,01250
AQU,2019-02-28,2,800,D,FT ,54,STR,55000,00122
AQU,2019-02-28,3,800,D,FT ,54,MSW,60000,00154
AQU,2019-02-28,4,800,D,FT ,54,SOC,60000,00227
AQU,2019-02-28,5,800,D,FT ,54,MCL,46000,00301
AQU,2019-02-28,6,800,D,FT ,54,CLM,16000,00334
AQU,2019-02-28,7,650,D,FT ,36,STR,55000,00408
AQU,2019-02-28,8,800,D,FT ,54,MCL,35000,00441
AQU,2019-03-01,1,600,D,FT ,45,CLM,55000,01250
AQU,2019-03-01,2,800,D,FT ,54,STR,48000,00126
AQU,2019-03-01,3,600,D,FT ,45,MCL,35000,00200
AQU,2019-03-01,4,800,D,FT ,54,MSW,60000,00230
AQU,2019-03-01,5,600,D,FT ,45,CLM,43000,00303
AQU,2019-03-01,6,600,D,FT ,45,MCL,35000,00335
AQU,2019-03-01,7,800,D,FT ,54,AOC,64000,00407
AQU,2019-03-01,8,600,D,FT ,45,CLM,46000,00439
AQU,2019-03-02,1,650,D,GD ,38,MCL,35000,01251
AQU,2019-03-02,2,600,D,FT ,45,STR,55000,00128
AQU,2019-03-02,3,600,D,FT ,45,CLM,42000,00159
AQU,2019-03-02,4,550,D,FT ,52,MCL,35000,00230
AQU,2019-03-02,5,600,D,FT ,45,CLM,28000,00312
AQU,2019-03-02,6,550,D,FT ,52,MCL,35000,00347
AQU,2019-03-02,7,600,D,FT ,45,ALW,64000,00416
AQU,2019-03-02,8,1050,D,FT ,36,STK,100000,00450
AQU,2019-03-02,9,800,D,FT ,54,CLM,25000,00522
AQU,2019-03-03,1,600,D,FT ,48,MSW,68000,01250
AQU,2019-03-03,2,600,D,FT ,48,MCL,33000,00125
AQU,2019-03-03,3,600,D,FT ,48,CLM,48000,00156
AQU,2019-03-03,4,650,D,FT ,36,MCL,46000,00229
AQU,2019-03-03,5,550,D,FT ,50,MSW,60000,00258
AQU,2019-03-03,6,600,D,FT ,48,CLM,46000,00327
AQU,2019-03-03,7,600,D,FT ,48,STR,55000,00357
AQU,2019-03-03,8,700,D,FT ,45,ALW,70000,00428
AQU,2019-03-08,1,550,D,FT ,45,MSW,68000,01250
AQU,2019-03-08,2,800,D,FT ,54,AOC,75000,00125
AQU,2019-03-08,3,700,D,FT ,44,MCL,46000,00200
AQU,2019-03-08,4,600,D,FT ,45,MCL,46000,00229
AQU,2019-03-08,5,600,D,FT ,45,AOC,67000,00304
AQU,2019-03-08,6,800,D,FT ,54,CLM,28000,00338
AQU,2019-03-08,7,600,D,FT ,45,CLM,43000,00412
AQU,2019-03-08,8,800,D,FT ,54,MCL,35000,00444
AQU,2019-03-09,1,600,D,FT ,45,MSW,60000,01221
AQU,2019-03-09,2,800,D,FT ,52,CLM,36000,01252
AQU,2019-03-09,3,600,D,FT ,45,MCL,35000,00125
AQU,2019-03-09,4,900,D,FT ,80,STR,60000,00157
AQU,2019-03-09,5,800,D,FT ,54,ALW,64000,00232
AQU,2019-03-09,6,650,D,FT ,32,CLM,28000,00307
AQU,2019-03-09,7,650,D,FT ,32,CLM,52000,00338
AQU,2019-03-09,8,600,D,FT ,45,STK,200000,00409
AQU,2019-03-09,9,800,D,FT ,54,STK,150000,00440
AQU,2019-03-09,10,800,D,FT ,54,STK,300000,00511
AQU,2019-03-09,11,800,D,FT ,54,STK,250000,00544
AQU,2019-03-10,1,800,D,SY ,54,MCL,46000,00131
AQU,2019-03-10,2,800,D,SY ,54,CLM,28000,00202
AQU,2019-03-10,3,700,D,SY ,45,AOC,70000,00234
AQU,2019-03-10,4,800,D,SY ,54,CLM,32000,00306
AQU,2019-03-10,5,600,D,SY ,50,WCL,40000,00338
AQU,2019-03-10,6,800,D,SY ,54,MSW,68000,00412
AQU,2019-03-10,7,700,D,SY ,45,ALW,70000,00443
AQU,2019-03-10,8,800,D,SY ,54,STK,150000,00519
AQU,2019-03-10,9,900,D,SY ,82,CLM,28000,00551
AQU,2019-03-15,1,800,D,FT ,54,MCL,33000,00130
AQU,2019-03-15,2,900,D,FT ,88,ALW,70000,00205
AQU,2019-03-15,3,600,D,FT ,45,MSW,60000,00240
AQU,2019-03-15,4,800,D,FT ,54,MSW,60000,00316
AQU,2019-03-15,5,600,D,FT ,45,CLM,36000,00349
AQU,2019-03-15,6,800,D,FT ,54,MCL,35000,00422
AQU,2019-03-15,7,600,D,FT ,45,SOC,60000,00452
AQU,2019-03-15,8,800,D,FT ,54,AOC,67000,00524
AQU,2019-03-15,9,700,D,FT ,44,CLM,32000,00555
AQU,2019-03-16,1,800,D,FT ,54,CLM,28000,00130
AQU,2019-03-16,2,800,D,FT ,54,MSW,68000,00203
AQU,2019-03-16,3,600,D,FT ,45,STK,100000,00240
AQU,2019-03-16,4,800,D,FT ,54,CLM,36000,00320
AQU,2019-03-16,5,800,D,FT ,54,MCL,35000,00404
AQU,2019-03-16,6,700,D,FT ,44,CLM,28000,00433
AQU,2019-03-16,7,600,D,FT ,45,CLM,50000,00505
AQU,2019-03-16,8,650,D,FT ,38,AOC,64000,00540
AQU,2019-03-16,9,700,D,FT ,44,CLM,28000,00612
AQU,2019-03-17,1,800,D,FT ,54,STR,55000,00130
AQU,2019-03-17,2,900,D,FT ,88,MCL,30000,00207
AQU,2019-03-17,3,800,D,FT ,54,STK,100000,00242
AQU,2019-03-17,4,700,D,FT ,44,MSW,68000,00320
AQU,2019-03-17,5,900,D,FT ,82,AOC,64000,00356
AQU,2019-03-17,6,600,D,FT ,40,MSW,60000,00428
AQU,2019-03-17,7,600,D,FT ,40,CLM,28000,00459
AQU,2019-03-17,8,600,D,FT ,40,AOC,67000,00529
AQU,2019-03-17,9,650,D,FT ,30,MCL,35000,00604
AQU,2019-03-22,1,650,D,SY ,36,CLM,36000,00130
AQU,2019-03-22,2,800,D,SY ,54,MCL,46000,00205
AQU,2019-03-22,3,800,D,SY ,54,CLM,46000,00240
AQU,2019-03-22,4,600,D,SY ,48,MCL,46000,00317
AQU,2019-03-22,5,800,D,SY ,54,CLM,37000,00349
AQU,2019-03-22,6,600,D,SY ,45,MCL,46000,00422
AQU,2019-03-22,7,600,D,SY ,45,CLM,36000,00452
AQU,2019-03-22,8,600,D,SY ,45,AOC,75000,00524
AQU,2019-03-22,9,650,D,SY ,36,MSW,60000,00556
AQU,2019-03-23,1,800,D,FT ,54,CLM,24000,00130
AQU,2019-03-23,2,700,D,FT ,44,CLM,28000,00203
AQU,2019-03-23,3,800,D,FT ,54,MSW,60000,00241
AQU,2019-03-23,4,550,D,FT ,52,MCL,35000,00320
AQU,2019-03-23,5,800,D,FT ,54,CLM,24000,00400
AQU,2019-03-23,6,550,D,FT ,52,MCL,35000,00441
AQU,2019-03-23,7,600,D,FT ,45,CLM,37000,00515
AQU,2019-03-23,8,600,D,FT ,45,STK,100000,00545
AQU,2019-03-23,9,600,D,FT ,45,MCL,33000,00615
AQU,2019-03-24,1,600,D,FT ,45,MCL,30000,00130
AQU,2019-03-24,2,650,D,FT ,36,CLM,43000,00205
AQU,2019-03-24,3,550,D,FT ,52,MSW,60000,00241
AQU,2019-03-24,4,600,D,FT ,45,MCL,30000,00321
AQU,2019-03-24,5,600,D,FT ,45,SOC,60000,00356
AQU,2019-03-24,6,800,D,FT ,54,MSW,60000,00430
AQU,2019-03-24,7,700,D,FT ,44,ALW,64000,00503
AQU,2019-03-24,8,800,D,FT ,54,ALW,70000,00536
AQU,2019-03-24,9,800,D,FT ,54,CLM,50000,00607
AQU,2019-03-29,1,800,D,FT ,54,MSW,68000,00130
AQU,2019-03-29,2,600,D,FT ,45,AOC,67000,00205
AQU,2019-03-29,3,800,D,FT ,54,MCL,33000,00240
AQU,2019-03-29,4,600,D,FT ,45,CLM,28000,00317
AQU,2019-03-29,5,700,D,FT ,44,CLM,42000,00351
AQU,2019-03-29,6,550,D,FT ,48,MCL,33000,00422
AQU,2019-03-29,7,700,D,FT ,44,CLM,46000,00452
AQU,2019-03-29,8,800,D,FT ,54,SOC,60000,00523
AQU,2019-03-29,9,800,D,FT ,54,MCL,35000,00555
AQU,2019-03-30,1,700,D,FT ,44,SST,45000,00130
AQU,2019-03-30,2,600,D,FT ,45,SST,55000,00203
AQU,2019-03-30,3,700,D,FT ,44,SST,45000,00240
AQU,2019-03-30,4,650,D,FT ,30,SST,70000,00317
AQU,2019-03-30,5,800,D,FT ,54,SST,60000,00347
AQU,2019-03-30,6,600,D,FT ,45,SST,55000,00418
AQU,2019-03-30,7,650,D,FT ,30,SST,75000,00450
AQU,2019-03-30,8,800,D,FT ,54,SST,60000,00521
AQU,2019-03-30,9,1100,D,FT ,32,SST,75000,00552
AQU,2019-03-30,10,700,D,FT ,44,SST,80000,00624
AQU,2019-03-31,1,600,D,GD ,45,CLM,32000,00130
AQU,2019-03-31,2,600,D,GD ,45,MCL,33000,00205
AQU,2019-03-31,3,600,D,GD ,45,ALW,70000,00240
AQU,2019-03-31,4,600,D,GD ,45,MSW,60000,00320
AQU,2019-03-31,5,800,D,GD ,54,CLM,28000,00357
AQU,2019-03-31,6,600,D,GD ,45,MCL,46000,00429
AQU,2019-03-31,7,600,D,GD ,45,STR,55000,00501
AQU,2019-03-31,8,800,D,GD ,54,STK,100000,00533
AQU,2019-03-31,9,600,D,GD ,45,AOC,64000,00603
AQU,2019-04-05,1,800,D,FT ,54,SOC,60000,00130
AQU,2019-04-05,2,600,D,FT ,48,MSW,70000,00201
AQU,2019-04-05,3,650,D,FT ,36,CLM,38000,00230
AQU,2019-04-05,4,650,D,FT ,36,MCL,30000,00306
AQU,2019-04-05,5,650,D,FT ,36,ALW,66000,00338
AQU,2019-04-05,6,800,O,FM ,64,CLM,44000,00410
AQU,2019-04-05,7,800,D,FT ,54,AOC,70000,00443
AQU,2019-04-05,8,700,D,FT ,44,STK,150000,00516
AQU,2019-04-05,9,800,T,FM ,63,MSW,62000,00549
AQU,2019-04-06,1,600,D,FT ,45,MSW,70000,00100
AQU,2019-04-06,2,550,D,FT ,56,MSW,62000,00133
AQU,2019-04-06,3,600,D,FT ,45,AOC,66000,00202
AQU,2019-04-06,4,700,D,FT ,44,CLM,28000,00234
AQU,2019-04-06,5,850,O,FM ,22,CLM,48000,00307
AQU,2019-04-06,6,700,D,FT ,45,STK,250000,00338
AQU,2019-04-06,7,900,D,FT ,84,STK,150000,00411
AQU,2019-04-06,8,900,D,FT ,86,STK,300000,00448
AQU,2019-04-06,9,700,D,FT ,40,STK,400000,00522
AQU,2019-04-06,10,900,D,FT ,95,STK,750000,00601
AQU,2019-04-06,11,800,D,FT ,54,ALW,75000,00641
AQU,2019-04-07,1,800,D,FT ,54,MCL,33000,00130
AQU,2019-04-07,2,600,D,FT ,45,CLM,50000,00200
AQU,2019-04-07,3,900,O,FM ,160,MSW,70000,00230
AQU,2019-04-07,4,600,D,FT ,45,CLM,28000,00303
AQU,2019-04-07,5,800,T,FM ,63,STK,100000,00336
AQU,2019-04-07,6,900,O,FM ,160,MSW,70000,00409
AQU,2019-04-07,7,600,D,FT ,45,ALW,75000,00442
AQU,2019-04-07,8,850,T,FM ,81,ALW,75000,00519
AQU,2019-04-07,9,600,D,FT ,45,MCL,35000,00550
AQU,2019-04-10,1,800,D,FT ,54,MSW,70000,00130
AQU,2019-04-10,2,800,D,FT ,54,CLM,28000,00202
AQU,2019-04-10,3,800,D,FT ,54,CLM,46000,00230
AQU,2019-04-10,4,850,T,FM ,108,CLM,38000,00304
AQU,2019-04-10,5,600,D,FT ,50,AOC,70000,00336
AQU,2019-04-10,6,600,O,FM ,45,MSW,62000,00422
AQU,2019-04-10,7,600,D,FT ,45,CLM,28000,00453
AQU,2019-04-10,8,800,T,FM ,72,AOC,75000,00523
AQU,2019-04-10,9,600,O,FM ,45,MCL,41000,00554
AQU,2019-04-11,1,800,D,FT ,54,MCL,30000,00130
AQU,2019-04-11,2,800,D,FT ,54,MCL,52000,00200
AQU,2019-04-11,3,700,D,FT ,44,CLM,50000,00230
AQU,2019-04-11,4,600,O,FM ,47,MSW,70000,00306
AQU,2019-04-11,5,800,D,FT ,54,AOC,66000,00339
AQU,2019-04-11,6,600,O,FM ,47,ALW,75000,00410
AQU,2019-04-11,7,650,D,FT ,38,CLM,36000,00442
AQU,2019-04-11,8,900,T,FM ,54,AOC,80000,00515
AQU,2019-04-11,9,600,O,FM ,47,MCL,41000,00549
AQU,2019-04-12,1,800,D,FT ,54,ALW,75000,00130
AQU,2019-04-12,2,700,D,FT ,44,MCL,46000,00200
AQU,2019-04-12,3,800,T,FM ,74,AOC,80000,00230
AQU,2019-04-12,4,600,O,FM ,48,MCL,41000,00305
AQU,2019-04-12,5,650,D,FT ,30,MSW,62000,00336
AQU,2019-04-12,6,600,O,FM ,45,ALW,66000,00409
AQU,2019-04-12,7,800,D,FT ,54,CLM,28000,00442
AQU,2019-04-12,8,600,O,FM ,45,ALW,66000,00515
AQU,2019-04-12,9,850,T,FM ,72,MCL,41000,00550
AQU,2019-04-13,1,800,D,SY ,54,AOC,80000,00130
AQU,2019-04-13,2,800,D,SY ,54,CLM,57000,00200
AQU,2019-04-13,3,600,O,YL ,45,STK,100000,00230
AQU,2019-04-13,4,600,D,MY ,46,MCL,33000,00304
AQU,2019-04-13,5,650,D,MY ,38,CLM,48000,00337
AQU,2019-04-13,6,600,D,MY ,46,MSW,62000,00411
AQU,2019-04-13,7,800,D,MY ,54,CLM,55000,00445
AQU,2019-04-13,8,900,D,MY ,85,STK,200000,00521
AQU,2019-04-13,9,600,D,MY ,46,MCL,41000,00558
AQU,2019-04-14,1,800,D,FT ,54,MSW,62000,00130
AQU,2019-04-14,2,600,D,FT ,48,SOC,55000,00200
AQU,2019-04-14,3,800,T,GD ,86,STK,100000,00230
AQU,2019-04-14,4,600,O,GD ,45,MSW,70000,00303
AQU,2019-04-14,5,800,D,FT ,54,AOC,75000,00337
AQU,2019-04-14,6,850,O,GD ,18,MCL,41000,00409
AQU,2019-04-14,7,800,D,FT ,54,CLM,38000,00442
AQU,2019-04-14,8,600,O,GD ,45,STK,100000,00515
AQU,2019-04-14,9,850,T,GD ,76,MCL,41000,00543
AQU,2019-04-17,1,450,D,FT ,76,MSW,100000,00130
AQU,2019-04-17,2,700,D,FT ,44,MCL,33000,00200
AQU,2019-04-17,3,850,T,GD ,90,CLM,50000,00230
AQU,2019-04-17,4,600,O,GD ,60,MCL,41000,00304
AQU,2019-04-17,5,600,D,FT ,48,CLM,48000,00336
AQU,2019-04-17,6,700,D,FT ,44,CLM,36000,00409
AQU,2019-04-17,7,600,O,GD ,60,AOC,70000,00442
AQU,2019-04-17,8,650,D,FT ,38,AOC,75000,00515
AQU,2019-04-17,9,600,O,GD ,60,MCL,41000,00548
AQU,2019-04-18,1,550,D,FT ,52,MCL,46000,00130
AQU,2019-04-18,2,600,D,FT ,47,CLM,28000,00200
AQU,2019-04-18,3,850,T,FM ,82,CLM,48000,00230
AQU,2019-04-18,4,800,D,FT ,54,CLM,38000,00306
AQU,2019-04-18,5,850,T,FM ,82,MCL,41000,00338
AQU,2019-04-18,6,600,O,FM ,63,MSW,62000,00411
AQU,2019-04-18,7,650,D,FT ,38,AOC,75000,00442
AQU,2019-04-18,8,600,D,FT ,47,ALW,66000,00515
AQU,2019-04-18,9,600,O,FM ,63,MSW,62000,00548
AQU,2019-04-19,1,450,D,FT ,72,MSW,100000,00130
AQU,2019-04-19,2,700,D,FT ,44,CLM,28000,00200
AQU,2019-04-19,3,850,O,FM ,22,STK,100000,00230
AQU,2019-04-19,4,600,D,FT ,48,AOC,70000,00303
AQU,2019-04-19,5,850,T,FM ,88,ALW,66000,00337
AQU,2019-04-19,6,800,D,FT ,54,CLM,52000,00409
AQU,2019-04-19,7,600,O,FM ,58,CLM,62000,00442
AQU,2019-04-19,8,600,D,FT ,48,SOC,55000,00516
AQU,2019-04-19,9,850,T,FM ,88,MSW,62000,00549
AQU,2019-04-20,1,600,D,SY ,48,WCL,52000,00130
AQU,2019-04-20,2,800,D,SY ,54,MSW,62000,00201
AQU,2019-04-20,3,800,D,SY ,54,CLM,38000,00236
AQU,2019-04-20,4,700,D,SY ,44,CLM,38000,00306
AQU,2019-04-20,5,900,D,SY ,94,ALW,75000,00338
AQU,2019-04-20,6,850,O,YL ,22,STK,100000,00410
AQU,2019-04-20,7,800,D,SY ,54,ALW,66000,00442
AQU,2019-04-20,8,650,D,SY ,38,STK,200000,00515
AQU,2019-04-20,9,650,D,SY ,38,STK,200000,00548
AQU,2019-11-01,1,650,D,MY ,36,CLM,28000,01200
AQU,2019-11-01,2,600,D,GD ,40,MCL,41000,01231
AQU,2019-11-01,3,650,D,GD ,36,CLM,38000,00100
AQU,2019-11-01,4,800,D,GD ,54,MCL,41000,00130
AQU,2019-11-01,5,800,D,GD ,54,AOC,70000,00205
AQU,2019-11-01,6,600,D,GD ,40,MSW,62000,00234
AQU,2019-11-01,7,800,D,FT ,54,ALW,75000,00310
AQU,2019-11-01,8,800,D,FT ,54,ALW,66000,00344
AQU,2019-11-01,9,800,D,FT ,54,STK,150000,00425
AQU,2019-11-01,10,600,D,FT ,40,MSW,62000,00504
AQU,2019-11-02,1,600,D,FT ,40,CLM,48000,01200
AQU,2019-11-02,2,600,O,GD ,45,MSW,62000,01231
AQU,2019-11-02,3,850,T,GD ,88,AOC,70000,00100
AQU,2019-11-02,4,650,D,FT ,40,ALW,66000,00131
AQU,2019-11-02,5,600,D,FT ,40,CLM,28000,00207
AQU,2019-11-02,6,850,T,GD ,88,MSW,62000,00243
AQU,2019-11-02,7,600,D,FT ,40,ALW,75000,00315
AQU,2019-11-02,8,600,O,GD ,45,CLM,38000,00351
AQU,2019-11-02,9,900,D,FT ,76,STK,150000,00430
AQU,2019-11-02,10,600,D,FT ,40,MCL,41000,00508
AQU,2019-11-03,1,600,D,FT ,40,MSW,70000,01200
AQU,2019-11-03,2,800,T,GD ,76,ALW,66000,01229
AQU,2019-11-03,3,650,D,FT ,38,CLM,48000,01257
AQU,2019-11-03,4,600,D,FT ,40,MSW,70000,00125
AQU,2019-11-03,5,800,T,GD ,76,STK,100000,00155
AQU,2019-11-03,6,600,O,GD ,64,AOC,70000,00223
AQU,2019-11-03,7,800,D,FT ,54,AOC,80000,00253
AQU,2019-11-03,8,1200,T,GD ,123,STK,125000,00321
AQU,2019-11-03,9,800,D,FT ,54,STK,150000,00351
AQU,2019-11-03,10,600,O,GD ,64,MCL,41000,00421
AQU,2019-11-07,1,600,D,FT ,38,CLM,28000,01220
AQU,2019-11-07,2,600,D,FT ,38,MCL,30000,01249
AQU,2019-11-07,3,850,T,FM ,72,CLM,44000,00118
AQU,2019-11-07,4,800,D,FT ,54,MSW,62000,00150
AQU,2019-11-07,5,600,O,FM ,56,STR,55000,00220
AQU,2019-11-07,6,1100,T,FM ,27,ALW,90000,00250
AQU,2019-11-07,7,600,D,FT ,38,AOC,70000,00319
AQU,2019-11-07,8,600,O,FM ,56,ALW,75000,00348
AQU,2019-11-07,9,800,T,FM ,28,MCL,46000,00421
AQU,2019-11-08,1,650,D,FT ,44,MSW,70000,01220
AQU,2019-11-08,2,600,D,FT ,40,CLM,28000,01249
AQU,2019-11-08,3,650,D,FT ,44,MCL,35000,00117
AQU,2019-11-08,4,600,D,FT ,40,AOC,70000,00149
AQU,2019-11-08,5,600,O,FM ,72,MSW,70000,00220
AQU,2019-11-08,6,650,D,FT ,44,WCL,57000,00249
AQU,2019-11-08,7,800,D,FT ,54,AOC,70000,00317
AQU,2019-11-08,8,600,O,FM ,72,AOC,80000,00348
AQU,2019-11-08,9,850,T,FM ,88,MCL,41000,00418
AQU,2019-11-09,1,700,D,FT ,45,AOC,80000,01200
AQU,2019-11-09,2,800,T,FM ,20,MSW,70000,01229
AQU,2019-11-09,3,850,O,FM ,35,CLM,38000,01255
AQU,2019-11-09,4,650,D,FT ,72,CLM,28000,00125
AQU,2019-11-09,5,850,T,FM ,90,MSW,70000,00155
AQU,2019-11-09,6,850,O,FM ,35,AOC,80000,00223
AQU,2019-11-09,7,700,D,FT ,45,STK,100000,00252
AQU,2019-11-09,8,800,T,FM ,20,STK,150000,00320
AQU,2019-11-09,9,600,O,FM ,56,STK,100000,00351
AQU,2019-11-09,10,700,D,FT ,45,MSW,70000,00420
AQU,2019-11-10,1,600,O,FM ,58,MSW,70000,01201
AQU,2019-11-10,2,850,T,FM ,88,CLM,38000,01228
AQU,2019-11-10,3,800,D,FT ,54,MSW,70000,01258
AQU,2019-11-10,4,650,D,FT ,56,CLM,46000,00125
AQU,2019-11-10,5,600,O,FM ,58,ALW,66000,00156
AQU,2019-11-10,6,650,D,FT ,56,MSW,62000,00223
AQU,2019-11-10,7,800,D,FT ,54,ALW,75000,00253
AQU,2019-11-10,8,700,D,FT ,48,STK,150000,00322
AQU,2019-11-10,9,600,O,FM ,58,STK,100000,00351
AQU,2019-11-10,10,850,T,FM ,88,MCL,41000,00421
AQU,2019-11-11,1,850,T,FM ,88,CLM,57000,01200
AQU,2019-11-11,2,600,D,FT ,38,MCL,52000,01228
AQU,2019-11-11,3,700,D,FT ,45,CLM,32000,01255
AQU,2019-11-11,4,600,D,FT ,38,CLM,46000,00124
AQU,2019-11-11,5,650,D,FT ,54,MSW,62000,00154
AQU,2019-11-11,6,850,T,FM ,88,CLM,38000,00223
AQU,2019-11-11,7,600,O,FM ,56,STR,55000,00253
AQU,2019-11-11,8,900,D,FT ,74,MSW,70000,00322
AQU,2019-11-11,9,850,T,FM ,88,AOC,70000,00350
AQU,2019-11-11,10,600,O,FM ,56,MCL,41000,00421
AQU,2019-11-14,1,800,D,FT ,54,MCL,33000,01221
AQU,2019-11-14,2,600,O,FM ,44,CLM,44000,01250
AQU,2019-11-14,3,700,D,FT ,48,MSW,70000,00117
AQU,2019-11-14,4,850,T,FM ,96,MSW,62000,00150
AQU,2019-11-14,5,800,D,FT ,54,CLM,36000,00219
AQU,2019-11-14,6,600,O,FM ,44,AOC,70000,00250
AQU,2019-11-14,7,800,D,FT ,54,CLM,42000,00318
AQU,2019-11-14,8,800,T,FM ,70,ALW,75000,00350
AQU,2019-11-14,9,600,O,FM ,44,MCL,41000,00420
AQU,2019-11-15,1,800,D,FT ,54,CLM,28000,01201
AQU,2019-11-15,2,800,T,FM ,72,AOC,80000,01229
AQU,2019-11-15,3,800,D,FT ,54,MSW,70000,01256
AQU,2019-11-15,4,650,D,FT ,54,CLM,28000,00129
AQU,2019-11-15,5,650,D,FT ,54,MCL,33000,00203
AQU,2019-11-15,6,850,T,FM ,135,MSW,62000,00229
AQU,2019-11-15,7,600,O,FM ,45,CLM,48000,00256
AQU,2019-11-15,8,650,D,FT ,54,ALW,75000,00324
AQU,2019-11-15,9,800,T,FM ,72,CLM,57000,00354
AQU,2019-11-15,10,600,O,FM ,45,MCL,41000,00424
AQU,2019-11-16,1,800,D,FT ,54,CLM,28000,01200
AQU,2019-11-16,2,850,O,FM ,171,MSW,62000,01230
AQU,2019-11-16,3,850,T,FM ,138,CLM,48000,01256
AQU,2019-11-16,4,600,D,FT ,38,MSW,70000,00125
AQU,2019-11-16,5,900,O,FM ,36,ALW,66000,00154
AQU,2019-11-16,6,800,T,FM ,65,MSW,70000,00223
AQU,2019-11-16,7,650,D,FT ,54,ALW,66000,00255
AQU,2019-11-16,8,600,D,FT ,38,STK,100000,00324
AQU,2019-11-16,9,800,T,FM ,65,ALW,75000,00353
AQU,2019-11-16,10,600,O,FM ,45,CLM,38000,00423
AQU,2019-11-17,1,800,T,FM ,72,CLM,44000,01200
AQU,2019-11-17,2,850,O,FM ,75,MCL,41000,01229
AQU,2019-11-17,3,800,D,FT ,54,CLM,36000,00102
AQU,2019-11-17,4,1100,T,FM ,48,ALW,90000,00130
AQU,2019-11-17,5,600,O,FM ,45,ALW,75000,00159
AQU,2019-11-17,6,800,D,FT ,54,ALW,66000,00227
AQU,2019-11-17,7,850,T,FM ,138,MSW,70000,00256
AQU,2019-11-17,8,600,O,FM ,45,ALW,66000,00322
AQU,2019-11-17,9,600,D,FT ,40,STK,100000,00351
AQU,2019-11-17,10,600,D,FT ,40,MCL,41000,00421
AQU,2019-11-20,1,600,D,GD ,38,MCL,30000,01220
AQU,2019-11-20,2,600,D,GD ,38,CLM,44000,01249
AQU,2019-11-20,3,700,D,GD ,45,AOC,75000,00117
AQU,2019-11-20,4,800,D,GD ,54,MSW,62000,00150
AQU,2019-11-20,5,800,D,FT ,54,CLM,28000,00220
AQU,2019-11-20,6,600,D,FT ,38,MCL,41000,00250
AQU,2019-11-20,7,800,D,FT ,54,STR,55000,00318
AQU,2019-11-20,8,700,D,FT ,45,AOC,80000,00348
AQU,2019-11-20,9,600,D,FT ,38,MCL,33000,00417
AQU,2019-11-21,1,600,D,FT ,40,MCL,41000,01252
AQU,2019-11-21,2,800,D,FT ,54,CLM,28000,00119
AQU,2019-11-21,3,850,T,GD ,162,STR,55000,00150
AQU,2019-11-21,4,600,O,GD ,48,MSW,70000,00223
AQU,2019-11-21,5,700,D,FT ,45,CLM,36000,00250
AQU,2019-11-21,6,850,O,GD ,41,CLM,46000,00319
AQU,2019-11-21,7,850,T,GD ,162,AOC,85000,00349
AQU,2019-11-21,8,600,D,FT ,40,MCL,41000,00418
AQU,2019-11-22,1,600,O,GD ,58,MCL,41000,01250
AQU,2019-11-22,2,700,D,FT ,45,CLM,48000,00117
AQU,2019-11-22,3,600,D,GD ,40,CLM,28000,00150
AQU,2019-11-22,4,850,O,GD ,45,MSW,70000,00219
AQU,2019-11-22,5,800,D,GD ,54,CLM,57000,00248
AQU,2019-11-22,6,900,D,GD ,72,MSW,90000,00317
AQU,2019-11-22,7,700,D,GD ,45,STR,55000,00348
AQU,2019-11-22,8,650,D,GD ,48,MCL,35000,00417
AQU,2019-11-23,1,600,D,FT ,40,CLM,42000,01200
AQU,2019-11-23,2,600,O,GD ,58,MSW,62000,01228
AQU,2019-11-23,3,850,T,GD ,162,ALW,66000,01255
AQU,2019-11-23,4,650,D,FT ,54,CLM,28000,00123
AQU,2019-11-23,5,600,O,GD ,58,CLM,48000,00152
AQU,2019-11-23,6,850,T,GD ,162,MSW,70000,00223
AQU,2019-11-23,7,700,D,FT ,45,ALW,75000,00253
AQU,2019-11-23,8,600,O,GD ,58,AOC,80000,00322
AQU,2019-11-23,9,1100,T,GD ,72,STK,200000,00353
AQU,2019-11-23,10,600,D,FT ,40,MCL,41000,00417
AQU,2019-11-24,1,600,D,SY ,40,STR,55000,01220
AQU,2019-11-24,2,800,D,SY ,54,MCL,41000,01250
AQU,2019-11-24,3,800,D,SY ,54,AOC,85000,00117
AQU,2019-11-24,4,700,D,SY ,45,CLM,40000,00150
AQU,2019-11-24,5,600,D,SY ,40,CLM,36000,00219
AQU,2019-11-24,6,600,D,SY ,40,MSW,62000,00250
AQU,2019-11-24,7,800,D,SY ,54,AOC,70000,00319
AQU,2019-11-24,8,700,D,SY ,45,STK,150000,00348
AQU,2019-11-24,9,600,D,SY ,40,MSW,62000,00418
AQU,2019-11-27,1,800,D,FT ,54,MCL,41000,01220
AQU,2019-11-27,2,800,D,FT ,54,CLM,28000,01250
AQU,2019-11-27,3,800,D,FT ,54,AOC,70000,00117
AQU,2019-11-27,4,600,D,FT ,44,MCL,41000,00150
AQU,2019-11-27,5,600,D,FT ,44,CLM,52000,00220
AQU,2019-11-27,6,850,T,YL ,198,MSW,62000,00250
AQU,2019-11-27,7,600,O,YL ,52,AOC,75000,00317
AQU,2019-11-27,8,800,D,FT ,54,ALW,75000,00347
AQU,2019-11-27,9,600,D,FT ,44,MCL,41000,00418
AQU,2019-11-29,1,650,D,FT ,52,MSW,62000,01150
AQU,2019-11-29,2,800,T,GD ,117,CLM,44000,01220
AQU,2019-11-29,3,600,O,GD ,52,MSW,62000,01248
AQU,2019-11-29,4,600,D,FT ,45,MSW,70000,00120
AQU,2019-11-29,5,850,T,GD ,192,STK,150000,00150
AQU,2019-11-29,6,600,O,GD ,52,ALW,75000,00220
AQU,2019-11-29,7,650,D,FT ,52,ALW,66000,00248
AQU,2019-11-29,8,900,D,FT ,72,STK,200000,00320
AQU,2019-11-29,9,850,O,GD ,20,STK,150000,00346
AQU,2019-11-29,10,850,T,GD ,192,MCL,41000,00416
AQU,2019-11-30,1,600,O,GD ,52,MSW,70000,01151
AQU,2019-11-30,2,600,D,FT ,45,CLM,52000,01226
AQU,2019-11-30,3,850,T,GD ,98,MSW,70000,01255
AQU,2019-11-30,4,600,O,GD ,52,AOC,70000,00125
AQU,2019-11-30,5,650,D,FT ,54,MSW,70000,00154
AQU,2019-11-30,6,850,T,GD ,98,STR,55000,00221
AQU,2019-11-30,7,600,O,GD ,52,STK,125000,00249
AQU,2019-11-30,8,900,D,FT ,72,STK,200000,00319
AQU,2019-11-30,9,1100,T,GD ,62,STK,400000,00346
AQU,2019-11-30,10,600,D,FT ,45,CLM,28000,00414
AQU,2019-12-01,1,650,D,FT ,54,MCL,30000,01221
AQU,2019-12-01,2,800,D,FT ,54,CLM,38000,01250
AQU,2019-12-01,3,600,D,GD ,40,CLM,44000,00116
AQU,2019-12-01,4,800,D,GD ,54,MSW,62000,00147
AQU,2019-12-05,1,600,D,GD ,36,MCL,41000,01221
AQU,2019-12-05,2,800,D,GD ,54,ALW,75000,01249
AQU,2019-12-05,3,800,D,GD ,54,STK,100000,00116
AQU,2019-12-05,4,800,D,GD ,54,MSW,70000,00148
AQU,2019-12-05,5,600,D,GD ,36,CLM,46000,00216
AQU,2019-12-05,6,600,D,GD ,36,MSW,62000,00245
AQU,2019-12-05,7,800,D,GD ,54,STR,55000,00315
AQU,2019-12-05,8,800,D,GD ,54,ALW,66000,00345
AQU,2019-12-05,9,600,D,GD ,36,MSW,62000,00414
AQU,2019-12-06,1,600,D,FT ,48,MSW,70000,01151
AQU,2019-12-06,2,800,D,FT ,54,ALW,75000,01220
AQU,2019-12-06,3,600,D,FT ,48,MSW,62000,01250
AQU,2019-12-06,4,650,D,FT ,52,CLM,28000,00117
AQU,2019-12-06,5,600,D,FT ,48,MCL,35000,00151
AQU,2019-12-06,6,800,D,FT ,54,CLM,32000,00219
AQU,2019-12-06,7,600,D,FT ,48,ALW,66000,00247
AQU,2019-12-06,8,600,D,FT ,48,AOC,70000,00317
AQU,2019-12-06,9,850,T,YL ,96,STK,100000,00346
AQU,2019-12-06,10,600,D,FT ,48,MCL,33000,00417
AQU,2019-12-07,1,800,D,FT ,54,MSW,70000,01130
AQU,2019-12-07,2,850,T,YL ,96,STK,150000,01201
AQU,2019-12-07,3,700,D,FT ,48,CLM,40000,01230
AQU,2019-12-07,4,600,O,YL ,56,STK,125000,00103
AQU,2019-12-07,5,800,D,FT ,54,MSW,70000,00140
AQU,2019-12-07,6,800,D,FT ,54,STK,250000,00211
AQU,2019-12-07,7,600,D,FT ,40,MSW,70000,00246
AQU,2019-12-07,8,900,D,FT ,72,STK,250000,00315
AQU,2019-12-07,9,900,D,FT ,70,STK,250000,00345
AQU,2019-12-07,10,800,D,FT ,54,STK,750000,00418
AQU,2019-12-08,1,650,D,FT ,52,MSW,70000,01152
AQU,2019-12-08,2,600,D,FT ,63,CLM,32000,01220
AQU,2019-12-08,3,850,T,GD ,96,MSW,70000,01250
AQU,2019-12-08,4,600,D,FT ,63,STK,100000,00118
AQU,2019-12-08,5,600,D,FT ,40,MSW,62000,00149
AQU,2019-12-08,6,600,O,GD ,56,AOC,80000,00218
AQU,2019-12-08,7,600,D,FT ,40,ALW,75000,00249
AQU,2019-12-08,8,900,D,FT ,72,AOC,70000,00318
AQU,2019-12-08,9,600,D,FT ,40,STK,200000,00347
AQU,2019-12-08,10,650,D,FT ,52,MCL,41000,00414
AQU,2019-12-12,1,600,D,GD ,45,MCL,46000,01231
AQU,2019-12-12,2,800,D,GD ,54,CLM,28000,01259
AQU,2019-12-12,3,650,D,GD ,52,MSW,68000,00130
AQU,2019-12-12,4,600,D,GD ,45,STR,55000,00158
AQU,2019-12-12,5,800,D,GD ,54,MSW,68000,00231
AQU,2019-12-12,6,700,D,GD ,48,ALW,64000,00302
AQU,2019-12-12,7,800,D,GD ,54,AOC,75000,00333
AQU,2019-12-12,8,800,D,GD ,54,MCL,33000,00400
AQU,2019-12-13,1,800,D,GD ,54,MSW,60000,01231
AQU,2019-12-13,2,800,D,GD ,54,CLM,22000,01259
AQU,2019-12-13,3,800,D,GD ,54,CLM,36000,00128
AQU,2019-12-13,4,600,D,GD ,45,CLM,28000,00200
AQU,2019-12-13,5,700,D,GD ,48,MCL,33000,00231
AQU,2019-12-13,6,600,D,GD ,45,CLM,42000,00259
AQU,2019-12-13,7,650,D,GD ,52,AOC,67000,00329
AQU,2019-12-13,8,650,D,MY ,52,MCL,46000,00400
AQU,2019-12-14,1,600,D,SY ,48,MCL,30000,01231
AQU,2019-12-14,2,600,D,SY ,48,AOC,70000,00100
AQU,2019-12-14,3,600,D,SY ,48,CLM,22000,00128
AQU,2019-12-14,4,800,D,SY ,54,ALW,64000,00155
AQU,2019-12-14,5,700,D,SY ,48,CLM,28000,00223
AQU,2019-12-14,6,800,D,SY ,54,STR,55000,00251
AQU,2019-12-14,7,600,D,SY ,48,ALW,70000,00319
AQU,2019-12-14,8,700,D,SY ,48,STK,500000,00347
AQU,2019-12-14,9,650,D,SY ,52,MCL,41000,00416
AQU,2019-12-15,1,800,D,MY ,54,MSW,68000,01230
AQU,2019-12-15,2,800,D,MY ,54,CLM,31000,01259
AQU,2019-12-15,3,600,D,MY ,60,MCL,35000,00127
AQU,2019-12-15,4,800,D,MY ,54,CLM,42000,00156
AQU,2019-12-15,5,900,D,MY ,76,STR,55000,00224
AQU,2019-12-15,6,800,D,MY ,54,CLM,40000,00252
AQU,2019-12-15,7,650,D,MY ,52,AOC,67000,00319
AQU,2019-12-15,8,700,D,MY ,50,STK,500000,00346
AQU,2019-12-15,9,650,D,MY ,52,MCL,33000,00414
AQU,2019-12-20,1,800,D,FT ,54,MCL,33000,01231
AQU,2019-12-20,2,800,D,FT ,54,CLM,28000,01259
AQU,2019-12-20,3,800,D,FT ,54,MCL,35000,00128
AQU,2019-12-20,4,650,D,FT ,54,CLM,36000,00159
AQU,2019-12-20,5,800,D,FT ,54,CLM,46000,00229
AQU,2019-12-20,6,800,D,FT ,54,CLM,40000,00259
AQU,2019-12-20,7,600,D,FT ,58,ALW,82000,00328
AQU,2019-12-20,8,800,D,FT ,54,MSW,60000,00359
AQU,2019-12-21,1,650,D,FT ,54,MSW,60000,01232
AQU,2019-12-21,2,800,D,FT ,54,CLM,50000,01259
AQU,2019-12-21,3,650,D,FT ,54,MCL,41000,00127
AQU,2019-12-21,4,800,D,FT ,54,AOC,67000,00155
AQU,2019-12-21,5,600,D,FT ,48,ALW,64000,00234
AQU,2019-12-21,6,650,D,FT ,54,CLM,28000,00303
AQU,2019-12-21,7,600,D,FT ,48,ALW,64000,00327
AQU,2019-12-21,8,900,D,FT ,92,STK,125000,00355
AQU,2019-12-21,9,600,D,FT ,48,MCL,41000,00421
AQU,2019-12-22,1,800,D,FT ,54,MSW,60000,01201
AQU,2019-12-22,2,800,D,FT ,54,AOC,75000,01230
AQU,2019-12-22,3,600,D,FT ,52,MSW,68000,01258
AQU,2019-12-22,4,600,D,FT ,52,CLM,31000,00130
AQU,2019-12-22,5,650,D,FT ,54,MCL,35000,00156
AQU,2019-12-22,6,800,D,FT ,54,AOC,67000,00223
AQU,2019-12-22,7,650,D,FT ,54,CLM,55000,00251
AQU,2019-12-22,8,800,D,FT ,54,ALW,70000,00319
AQU,2019-12-22,9,600,D,FT ,52,STK,100000,00347
AQU,2019-12-22,10,650,D,FT ,54,CLM,36000,00416
AQU,2019-12-28,1,600,D,FT ,40,MSW,60000,01230
AQU,2019-12-28,2,650,D,FT ,52,CLM,36000,01259
AQU,2019-12-28,3,700,D,FT ,50,MSW,68000,00127
AQU,2019-12-28,4,900,D,FT ,82,STK,100000,00157
AQU,2019-12-28,5,650,D,FT ,52,CLM,46000,00223
AQU,2019-12-28,6,650,D,FT ,52,MSW,60000,00252
AQU,2019-12-28,7,600,D,FT ,40,AOC,75000,00319
AQU,2019-12-28,8,600,D,FT ,40,ALW,64000,00348
AQU,2019-12-28,9,600,D,FT ,40,MCL,33000,00415
AQU,2019-12-29,1,800,D,FT ,54,CLM,36000,01231
AQU,2019-12-29,2,600,D,FT ,52,AOC,64000,01258
AQU,2019-12-29,3,800,D,FT ,54,MSW,60000,00127
AQU,2019-12-29,4,700,D,FT ,48,CLM,37000,00157
AQU,2019-12-29,5,800,D,FT ,54,MSW,60000,00229
AQU,2019-12-29,6,800,D,FT ,54,ALW,64000,00258
AQU,2019-12-29,7,700,D,FT ,48,ALW,70000,00322
AQU,2019-12-29,8,900,D,FT ,82,STK,100000,00350
AQU,2019-12-29,9,800,D,FT ,54,MCL,35000,00419
AQU,2019-12-30,1,700,D,SY ,48,MCL,41000,01230
AQU,2019-12-30,2,800,D,SY ,54,CLM,46000,00100
AQU,2019-12-30,3,800,D,SY ,54,MSW,68000,00129
AQU,2019-12-30,4,800,D,SY ,54,CLM,22000,00200
AQU,2019-12-30,5,650,D,SY ,52,CLM,46000,00230
AQU,2019-12-30,6,650,D,SY ,52,AOC,75000,00259
AQU,2019-12-30,7,600,D,SY ,45,ALW,82000,00328
AQU,2019-12-30,8,700,D,SY ,48,MCL,41000,00359
AQU,2019-12-31,1,800,D,SY ,54,MCL,46000,01231
AQU,2019-12-31,2,650,D,SY ,50,CLM,31000,01258
AQU,2019-12-31,3,900,D,SY ,82,MSW,68000,00132
AQU,2019-12-31,4,650,D,SY ,50,CLM,46000,00203
AQU,2019-12-31,5,800,D,SY ,54,CLM,36000,00235
AQU,2019-12-31,6,700,D,SY ,48,ALW,64000,00304
AQU,2019-12-31,7,900,D,SY ,82,ALW,70000,00334
AQU,2019-12-31,8,600,D,SY ,45,MCL,33000,00405
BEL,2019-04-26,1,600,D,MY ,63,CLM,28000,00130
BEL,2019-04-26,2,600,D,SY ,63,CLM,60000,00223
BEL,2019-04-26,3,800,D,SY ,45,ALW,82000,00253
BEL,2019-04-26,4,850,D,SY ,56,MCL,41000,00328
BEL,2019-04-26,5,700,D,SY ,45,SOC,55000,00405
BEL,2019-04-26,6,900,D,SY ,20,MSW,90000,00437
BEL,2019-04-26,7,650,D,SY ,48,ALW,82000,00509
BEL,2019-04-26,8,600,D,SY ,63,STK,100000,00541
BEL,2019-04-26,9,700,D,SY ,45,ALW,66000,00613
BEL,2019-04-27,1,600,D,GD ,64,CLM,50000,00131
BEL,2019-04-27,2,850,D,FT ,45,MCL,41000,00202
BEL,2019-04-27,3,700,D,FT ,48,AOC,85000,00234
BEL,2019-04-27,4,600,D,FT ,54,MSW,62000,00309
BEL,2019-04-27,5,600,D,FT ,54,CLM,42000,00340
BEL,2019-04-27,6,800,D,FT ,46,ALW,82000,00412
BEL,2019-04-27,7,850,D,FT ,45,CLM,32000,00445
BEL,2019-04-27,8,850,I,YL ,56,MSW,80000,00518
BEL,2019-04-27,9,700,T,YL ,126,STK,125000,00551
BEL,2019-04-27,10,600,D,FT ,54,CLM,28000,00624
BEL,2019-04-28,1,800,D,FT ,50,MCL,33000,00130
BEL,2019-04-28,2,850,D,FT ,45,CLM,50000,00202
BEL,2019-04-28,3,600,D,FT ,52,MCL,41000,00236
BEL,2019-04-28,4,1000,I,YL ,93,ALW,90000,00308
BEL,2019-04-28,5,600,D,FT ,52,CLM,28000,00340
BEL,2019-04-28,6,800,T,YL ,112,AOC,70000,00412
BEL,2019-04-28,7,700,D,FT ,41,MSW,80000,00446
BEL,2019-04-28,8,600,D,FT ,52,ALW,66000,00518
BEL,2019-04-28,9,600,I,YL ,135,STK,125000,00551
BEL,2019-04-28,10,800,D,FT ,50,MSW,62000,00624
BEL,2019-05-02,1,500,D,FT ,108,MSW,100000,00132
BEL,2019-05-02,2,850,I,GD ,76,STR,55000,00204
BEL,2019-05-02,3,500,T,GD ,81,MSW,80000,00237
BEL,2019-05-02,4,800,D,FT ,52,AOC,85000,00308
BEL,2019-05-02,5,800,T,GD ,112,CLM,60000,00340
BEL,2019-05-02,6,600,I,GD ,98,MCL,41000,00412
BEL,2019-05-02,7,650,D,FT ,63,CLM,50000,00445
BEL,2019-05-02,8,700,D,FT ,46,AOC,87000,00518
BEL,2019-05-02,9,700,T,GD ,65,MSW,62000,00551
BEL,2019-05-03,1,850,D,FT ,45,MSW,80000,00130
BEL,2019-05-03,2,800,T,GD ,112,CLM,39000,00204
BEL,2019-05-03,3,850,D,FT ,45,MCL,41000,00237
BEL,2019-05-03,4,600,I,YL ,96,MCL,41000,00309
BEL,2019-05-04,1,600,D,SY ,48,CLM,28000,01200
BEL,2019-05-04,2,600,D,SY ,48,MCL,41000,01231
BEL,2019-05-04,3,600,D,SY ,48,CLM,36000,00108
BEL,2019-05-04,4,1100,T,SF ,90,STK,200000,00139
BEL,2019-05-04,5,600,D,SY ,48,MSW,80000,00209
BEL,2019-05-04,6,650,D,SY ,46,AOC,85000,00240
BEL,2019-05-04,7,850,D,SY ,44,CLM,50000,00312
BEL,2019-05-04,8,600,D,SY ,48,MSW,62000,00349
BEL,2019-05-04,9,700,D,SY ,45,ALW,66000,00421
BEL,2019-05-04,10,900,I,SF ,175,STK,150000,00456
BEL,2019-05-04,11,800,D,SY ,52,STK,200000,00540
BEL,2019-05-04,12,650,D,SY ,46,MCL,33000,00624
BEL,2019-05-05,1,850,D,SY ,44,CLM,28000,00130
BEL,2019-05-05,2,850,D,SY ,44,MCL,41000,00206
BEL,2019-05-05,3,600,D,SY ,54,CLM,44000,00237
BEL,2019-05-05,4,800,D,SY ,54,MSW,62000,00311
BEL,2019-05-05,5,850,D,SY ,44,AOC,82000,00341
BEL,2019-05-05,6,650,D,SY ,48,MCL,30000,00412
BEL,2019-05-05,7,850,D,SY ,44,ALW,66000,00445
BEL,2019-05-05,8,800,D,SY ,54,STK,250000,00518
BEL,2019-05-05,9,600,D,SY ,54,MSW,80000,00552
BEL,2019-05-09,1,800,T,GD ,162,AOC,85000,00305
BEL,2019-05-09,2,500,D,FT ,126,MSW,62000,00339
BEL,2019-05-09,3,1000,I,GD ,94,MSW,90000,00409
BEL,2019-05-09,4,800,T,GD ,162,CLM,60000,00440
BEL,2019-05-09,5,700,D,FT ,40,AOC,70000,00510
BEL,2019-05-09,6,600,D,FT ,60,CLM,32000,00545
BEL,2019-05-09,7,700,T,GD ,82,MSW,80000,00614
BEL,2019-05-09,8,1100,D,FT ,36,STK,100000,00646
BEL,2019-05-09,9,600,I,GD ,172,ALW,66000,00719
BEL,2019-05-10,1,650,D,FT ,47,CLM,28000,00130
BEL,2019-05-10,2,600,I,GD ,144,MCL,41000,00204
BEL,2019-05-10,3,700,D,FT ,40,CLM,43000,00235
BEL,2019-05-10,4,600,T,GD ,156,CLM,39000,00311
BEL,2019-05-10,5,500,D,FT ,135,MSW,62000,00341
BEL,2019-05-10,6,600,I,GD ,144,MCL,41000,00413
BEL,2019-05-10,7,700,D,FT ,40,ALW,82000,00445
BEL,2019-05-10,8,800,D,FT ,52,AOC,82000,00518
BEL,2019-05-10,9,650,D,FT ,47,MCL,30000,00552
BEL,2019-05-11,1,650,D,FT ,46,STK,200000,00130
BEL,2019-05-11,2,800,D,FT ,52,MSW,80000,00202
BEL,2019-05-11,3,600,I,FM ,170,ALW,82000,00234
BEL,2019-05-11,4,900,D,FT ,20,STK,300000,00308
BEL,2019-05-11,5,850,T,FM ,175,MCL,41000,00341
BEL,2019-05-11,6,700,D,FT ,45,CLM,65000,00417
BEL,2019-05-11,7,850,I,FM ,74,STK,200000,00449
BEL,2019-05-11,8,850,T,FM ,175,MSW,80000,00522
BEL,2019-05-11,9,600,D,FT ,52,STK,150000,00553
BEL,2019-05-11,10,1100,I,FM ,101,STK,700000,00625
BEL,2019-05-11,11,600,T,FM ,164,MSW,62000,00657
BEL,2019-05-12,1,700,D,SY ,36,CLM,28000,00132
BEL,2019-05-12,2,650,D,SY ,44,MCL,33000,00202
BEL,2019-05-12,3,600,D,SY ,48,CLM,42000,00234
BEL,2019-05-12,4,600,D,SY ,48,MSW,80000,00308
BEL,2019-05-12,5,700,D,SY ,36,CLM,60000,00341
BEL,2019-05-12,6,800,D,SY ,52,CLM,39000,00413
BEL,2019-05-12,7,600,D,SY ,48,AOC,85000,00445
BEL,2019-05-12,8,600,D,SY ,48,STK,100000,00518
BEL,2019-05-12,9,800,D,SY ,52,MSW,62000,00552
BEL,2019-05-16,1,800,D,FT ,52,MSW,62000,00305
BEL,2019-05-16,2,800,T,YL ,108,MSW,80000,00336
BEL,2019-05-16,3,800,D,FT ,52,CLM,28000,00407
BEL,2019-05-16,4,600,D,FT ,56,AOC,70000,00438
BEL,2019-05-16,5,700,D,FT ,40,CLM,44000,00510
BEL,2019-05-16,6,850,T,YL ,92,MCL,41000,00542
BEL,2019-05-16,7,1000,I,YL ,90,AOC,90000,00614
BEL,2019-05-16,8,700,D,FT ,40,ALW,66000,00647
BEL,2019-05-16,9,600,D,FT ,56,MCL,41000,00718
BEL,2019-05-17,1,800,T,GD ,108,MCL,52000,00130
BEL,2019-05-17,2,650,D,FT ,60,CLM,50000,00201
BEL,2019-05-17,3,600,I,GD ,138,CLM,55000,00231
BEL,2019-05-17,4,850,T,GD ,92,ALW,66000,00304
BEL,2019-05-17,5,800,D,FT ,52,AOC,85000,00338
BEL,2019-05-17,6,600,I,GD ,138,AOC,70000,00409
BEL,2019-05-17,7,850,D,FT ,48,CLM,50000,00440
BEL,2019-05-17,8,700,T,GD ,120,AOC,82000,00512
BEL,2019-05-17,9,600,I,GD ,138,MCL,41000,00544
BEL,2019-05-18,1,850,D,FT ,44,CLM,45000,01200
BEL,2019-05-18,2,600,D,FT ,56,MCL,33000,01230
BEL,2019-05-18,3,600,I,GD ,138,MSW,80000,00109
BEL,2019-05-18,4,800,T,GD ,108,AOC,85000,00139
BEL,2019-05-18,5,600,D,FT ,56,CLM,28000,00208
BEL,2019-05-18,6,600,D,FT ,56,STR,55000,00239
BEL,2019-05-18,7,800,T,GD ,108,ALW,66000,00310
BEL,2019-05-18,8,700,D,FT ,48,CLM,50000,00341
BEL,2019-05-18,9,850,I,GD ,72,MCL,41000,00418
BEL,2019-05-18,10,650,D,FT ,40,AOC,70000,00457
BEL,2019-05-18,11,700,T,GD ,122,STK,100000,00529
BEL,2019-05-18,12,850,I,GD ,72,MCL,41000,00605
BEL,2019-05-19,1,800,D,FT ,52,CLM,32000,00130
BEL,2019-05-19,2,850,I,FM ,70,MSW,80000,00202
BEL,2019-05-19,3,650,D,FT ,48,CLM,28000,00234
BEL,2019-05-19,4,1000,I,FM ,92,AOC,90000,00309
BEL,2019-05-19,5,800,T,FM ,108,MSW,62000,00348
BEL,2019-05-19,6,800,D,FT ,52,MCL,52000,00419
BEL,2019-05-19,7,850,I,FM ,70,CLM,60000,00451
BEL,2019-05-19,8,600,D,FT ,54,ALW,82000,00523
BEL,2019-05-19,9,850,T,FM ,88,MCL,41000,00556
BEL,2019-05-23,1,500,T,GD ,72,MSW,100000,00305
BEL,2019-05-23,2,600,D,GD ,60,CLM,60000,00336
BEL,2019-05-23,3,600,D,GD ,60,MCL,35000,00405
BEL,2019-05-23,4,850,I,GD ,63,ALW,82000,00451
BEL,2019-05-23,5,650,D,SY ,48,MCL,35000,00523
BEL,2019-05-23,6,850,T,GD ,130,STR,55000,00554
BEL,2019-05-23,7,1100,I,GD ,235,MSW,90000,00625
BEL,2019-05-23,8,850,D,SY ,46,AOC,87000,00656
BEL,2019-05-23,9,850,D,SY ,46,CLM,50000,00727
BEL,2019-05-24,1,600,I,GD ,90,MCL,41000,00130
BEL,2019-05-24,2,600,D,FT ,56,CLM,50000,00202
BEL,2019-05-24,3,850,D,FT ,44,MCL,35000,00234
BEL,2019-05-24,4,850,T,FM ,130,CLM,42000,00308
BEL,2019-05-24,5,850,D,FT ,44,MCL,33000,00340
BEL,2019-05-24,6,600,I,FM ,90,AOC,85000,00412
BEL,2019-05-24,7,700,T,FM ,63,ALW,66000,00445
BEL,2019-05-24,8,900,I,FM ,230,ALW,82000,00518
BEL,2019-05-24,9,700,D,FT ,40,MCL,41000,00551
BEL,2019-05-25,1,500,T,FM ,72,MSW,100000,00132
BEL,2019-05-25,2,650,D,FT ,56,CLM,38000,00202
BEL,2019-05-25,3,600,D,FT ,58,MCL,33000,00235
BEL,2019-05-25,4,850,I,FM ,70,CLM,39000,00308
BEL,2019-05-25,5,700,D,FT ,54,STR,55000,00340
BEL,2019-05-25,6,600,I,FM ,90,ALW,82000,00413
BEL,2019-05-25,7,700,T,FM ,64,MSW,62000,00447
BEL,2019-05-25,8,650,D,FT ,56,MSW,62000,00520
BEL,2019-05-25,9,700,T,FM ,64,STK,100000,00552
BEL,2019-05-25,10,600,I,FM ,90,AOC,85000,00624
BEL,2019-05-26,1,650,D,FT ,58,CLM,28000,00130
BEL,2019-05-26,2,800,T,FM ,140,MCL,41000,00203
BEL,2019-05-26,3,800,D,FT ,52,ALW,66000,00234
BEL,2019-05-26,4,900,I,FM ,243,MSW,62000,00308
BEL,2019-05-26,5,850,T,FM ,130,CLM,44000,00341
BEL,2019-05-26,6,850,D,FT ,46,AOC,70000,00412
BEL,2019-05-26,7,850,I,FM ,80,STR,55000,00445
BEL,2019-05-26,8,900,D,FT ,26,AOC,85000,00518
BEL,2019-05-26,9,650,D,FT ,58,MSW,62000,00549
BEL,2019-05-27,1,600,D,FT ,48,ALW,66000,00130
BEL,2019-05-27,2,650,D,FT ,44,ALW,66000,00202
BEL,2019-05-27,3,600,I,GD ,90,ALW,66000,00236
BEL,2019-05-27,4,700,D,FT ,36,STK,125000,00309
BEL,2019-05-27,5,800,T,GD ,142,STK,125000,00340
BEL,2019-05-27,6,600,I,FM ,90,MCL,41000,00412
BEL,2019-05-27,7,800,D,FT ,52,STK,200000,00446
BEL,2019-05-27,8,800,T,GD ,142,STK,125000,00518
BEL,2019-05-27,9,700,D,FT ,36,STK,125000,00553
BEL,2019-05-27,10,800,D,FT ,52,STK,200000,00624
BEL,2019-05-27,11,600,I,FM ,90,MCL,41000,00657
BEL,2019-05-30,1,650,D,GD ,45,CLM,28000,00305
BEL,2019-05-30,2,600,D,GD ,48,CLM,36000,00336
BEL,2019-05-30,3,850,D,GD ,44,ALW,82000,00407
BEL,2019-05-30,4,500,D,GD ,135,MSW,62000,00439
BEL,2019-05-30,5,850,I,YL ,90,CLM,65000,00511
BEL,2019-05-30,6,600,D,GD ,48,CLM,55000,00542
BEL,2019-05-30,7,850,D,SY ,44,MSW,80000,00612
BEL,2019-05-30,8,600,D,SY ,48,ALW,66000,00640
BEL,2019-05-31,1,600,D,FT ,54,CLM,38000,00130
BEL,2019-05-31,2,500,D,FT ,135,MSW,62000,00202
BEL,2019-05-31,3,700,D,FT ,40,ALW,82000,00234
BEL,2019-05-31,4,600,D,FT ,54,CLM,39000,00308
BEL,2019-05-31,5,600,D,FT ,54,MCL,30000,00342
BEL,2019-05-31,6,850,D,FT ,44,MCL,41000,00412
BEL,2019-05-31,7,850,D,FT ,44,CLM,36000,00445
BEL,2019-05-31,8,700,D,FT ,40,AOC,87000,00518
BEL,2019-05-31,9,600,D,FT ,54,CLM,50000,00551
BEL,2019-06-01,1,600,T,GD ,153,MSW,80000,00130
BEL,2019-06-01,2,900,I,GD ,246,AOC,82000,00202
BEL,2019-06-01,3,850,D,FT ,44,CLM,36000,00235
BEL,2019-06-01,4,850,D,FT ,44,MSW,80000,00308
BEL,2019-06-01,5,600,I,GD ,90,MCL,41000,00341
BEL,2019-06-01,6,800,T,GD ,166,CLM,50000,00412
BEL,2019-06-01,7,600,D,FT ,48,CLM,60000,00445
BEL,2019-06-01,8,900,I,GD ,246,STK,200000,00518
BEL,2019-06-01,9,600,T,GD ,153,ALW,66000,00552
BEL,2019-06-02,1,600,D,FT ,48,MCL,30000,00130
BEL,2019-06-02,2,850,T,FM ,170,MCL,41000,00205
BEL,2019-06-02,3,850,D,FT ,44,CLM,65000,00242
BEL,2019-06-02,4,700,D,FT ,40,MCL,41000,00313
BEL,2019-06-02,5,600,T,FM ,153,CLM,39000,00344
BEL,2019-06-02,6,700,D,FT ,40,CLM,28000,00413
BEL,2019-06-02,7,850,I,FM ,80,MCL,41000,00445
BEL,2019-06-02,8,850,T,FM ,170,CLM,39000,00519
BEL,2019-06-02,9,650,D,FT ,50,AOC,85000,00548
BEL,2019-06-02,10,900,I,FM ,218,MSW,62000,00613
BEL,2019-06-06,1,1100,T,FM ,24,AOC,92000,00305
BEL,2019-06-06,2,800,D,FT ,52,ALW,74000,00336
BEL,2019-06-06,3,900,I,FM ,243,STK,200000,00407
BEL,2019-06-06,4,650,D,FT ,44,MSW,90000,00439
BEL,2019-06-06,5,800,T,FM ,153,MSW,90000,00511
BEL,2019-06-06,6,650,D,FT ,44,ALW,92000,00542
BEL,2019-06-06,7,550,D,FT ,68,STK,150000,00615
BEL,2019-06-06,8,700,T,FM ,80,STK,200000,00647
BEL,2019-06-06,9,600,I,FM ,101,MSW,72000,00719
BEL,2019-06-07,1,700,D,FT ,40,MSW,90000,01250
BEL,2019-06-07,2,600,I,FM ,152,MSW,72000,00123
BEL,2019-06-07,3,800,T,FM ,74,AOC,92000,00201
BEL,2019-06-07,4,650,D,FT ,52,AOC,80000,00233
BEL,2019-06-07,5,700,D,FT ,48,STK,250000,00303
BEL,2019-06-07,6,800,T,FM ,74,AOC,97000,00340
BEL,2019-06-07,7,550,D,FT ,63,STK,150000,00408
BEL,2019-06-07,8,650,D,FT ,52,STK,250000,00445
BEL,2019-06-07,9,1000,I,FM ,76,STK,600000,00519
BEL,2019-06-07,10,1600,T,FM ,152,STK,400000,00548
BEL,2019-06-07,11,600,I,FM ,152,STR,55000,00624
BEL,2019-06-08,1,850,D,FT ,44,ALW,92000,01135
BEL,2019-06-08,2,1000,I,FM ,76,MSW,90000,01211
BEL,2019-06-08,3,850,D,FT ,44,STK,150000,01247
BEL,2019-06-08,4,800,T,FM ,78,STK,700000,00125
BEL,2019-06-08,5,850,D,FT ,44,STK,700000,00203
BEL,2019-06-08,6,600,T,FM ,85,STK,400000,00243
BEL,2019-06-08,7,800,D,FT ,46,STK,700000,00324
BEL,2019-06-08,8,700,D,FT ,50,STK,400000,00406
BEL,2019-06-08,9,800,D,FT ,46,STK,1200000,00449
BEL,2019-06-08,10,1000,I,FM ,76,STK,1000000,00538
BEL,2019-06-08,11,1200,D,FT ,78,STK,1500000,00638
BEL,2019-06-08,12,900,I,FM ,72,AOC,95000,00728
BEL,2019-06-08,13,1200,D,FT ,78,STK,400000,00800
BEL,2019-06-09,1,600,D,FT ,66,CLM,28000,00130
BEL,2019-06-09,2,850,I,FM ,54,MSW,62000,00203
BEL,2019-06-09,3,600,D,FT ,66,STK,150000,00234
BEL,2019-06-09,4,600,D,FT ,66,MCL,33000,00308
BEL,2019-06-09,5,700,T,FM ,90,MCL,41000,00342
BEL,2019-06-09,6,600,I,FM ,112,CLM,60000,00412
BEL,2019-06-09,7,600,D,FT ,66,CLM,55000,00445
BEL,2019-06-09,8,800,T,FM ,72,ALW,66000,00519
BEL,2019-06-09,9,600,I,FM ,112,AOC,82000,00551
BEL,2019-06-09,10,700,T,FM ,90,MCL,41000,00625
BEL,2019-06-12,1,850,D,FT ,44,MCL,46000,00131
BEL,2019-06-12,2,650,D,FT ,48,CLM,60000,00202
BEL,2019-06-12,3,500,D,FT ,144,MSW,80000,00234
BEL,2019-06-12,4,850,I,FM ,72,CLM,44000,00308
BEL,2019-06-12,5,850,D,FT ,44,CLM,28000,00340
BEL,2019-06-12,6,700,T,FM ,126,MCL,41000,00412
BEL,2019-06-12,7,800,D,FT ,46,STR,55000,00445
BEL,2019-06-12,8,700,T,FM ,126,AOC,70000,00518
BEL,2019-06-12,9,600,I,FM ,180,CLM,42000,00552
BEL,2019-06-13,1,650,D,SY ,54,CLM,28000,00305
BEL,2019-06-13,2,800,D,SY ,48,MSW,62000,00337
BEL,2019-06-13,3,600,D,SY ,72,CLM,32000,00410
BEL,2019-06-13,4,850,I,YL ,48,MSW,80000,00441
BEL,2019-06-13,5,650,D,SY ,54,CLM,42000,00511
BEL,2019-06-13,6,850,D,SY ,44,MCL,41000,00542
BEL,2019-06-13,7,800,T,YL ,112,ALW,82000,00614
BEL,2019-06-13,8,650,D,SY ,54,ALW,82000,00646
BEL,2019-06-13,9,600,D,SY ,72,MCL,41000,00719
BEL,2019-06-14,1,850,D,FT ,44,MCL,41000,00130
BEL,2019-06-14,2,700,T,GD ,118,AOC,70000,00202
BEL,2019-06-14,3,800,D,FT ,46,MCL,35000,00234
BEL,2019-06-14,4,850,I,GD ,54,CLM,50000,00308
BEL,2019-06-14,5,500,D,FT ,126,MSW,80000,00342
BEL,2019-06-14,6,800,T,GD ,112,MSW,80000,00416
BEL,2019-06-14,7,650,D,FT ,58,CLM,60000,00450
BEL,2019-06-14,8,1100,I,GD ,92,AOC,90000,00521
BEL,2019-06-14,9,850,T,GD ,54,ALW,66000,00553
BEL,2019-06-15,1,850,T,FM ,90,MCL,52000,00130
BEL,2019-06-15,2,600,D,FT ,54,AOC,70000,00207
BEL,2019-06-15,3,600,I,FM ,175,CLM,39000,00238
BEL,2019-06-15,4,550,D,FT ,70,STR,55000,00315
BEL,2019-06-15,5,850,I,FM ,56,STR,55000,00347
BEL,2019-06-15,6,600,D,FT ,54,ALW,66000,00416
BEL,2019-06-15,7,800,T,FM ,112,ALW,82000,00447
BEL,2019-06-15,8,850,I,FM ,56,CLM,60000,00519
BEL,2019-06-15,9,600,D,FT ,54,STK,100000,00551
BEL,2019-06-15,10,850,T,FM ,90,MCL,41000,00625
BEL,2019-06-16,1,600,D,FT ,62,CLM,28000,00130
BEL,2019-06-16,2,600,I,FM ,178,MCL,41000,00202
BEL,2019-06-16,3,850,D,FT ,48,CLM,32000,00234
BEL,2019-06-16,4,800,D,FT ,52,MSW,62000,00310
BEL,2019-06-16,5,1100,I,FM ,96,AOC,90000,00342
BEL,2019-06-16,6,850,T,FM ,102,MCL,41000,00413
BEL,2019-06-16,7,850,D,FT ,48,AOC,87000,00445
BEL,2019-06-16,8,800,T,FM ,108,STK,300000,00518
BEL,2019-06-16,9,650,D,FT ,56,MCL,33000,00556
BEL,2019-06-19,1,550,D,GD ,67,CLM,36000,00130
BEL,2019-06-19,2,600,D,GD ,66,MSW,62000,00202
BEL,2019-06-19,3,600,D,GD ,66,CLM,28000,00234
BEL,2019-06-19,4,800,D,GD ,52,MCL,33000,00308
BEL,2019-06-19,5,600,D,GD ,66,MCL,41000,00340
BEL,2019-06-19,6,600,D,GD ,66,STR,55000,00412
BEL,2019-06-19,7,1000,D,GD ,92,MSW,90000,00445
BEL,2019-06-19,8,850,D,GD ,45,AOC,85000,00518
BEL,2019-06-19,9,700,D,GD ,54,CLM,39000,00551
BEL,2019-06-20,1,800,D,MY ,52,CLM,50000,00305
BEL,2019-06-20,2,600,D,MY ,58,CLM,32000,00336
BEL,2019-06-20,3,800,D,MY ,52,MSW,80000,00407
BEL,2019-06-20,4,800,D,MY ,52,ALW,66000,00442
BEL,2019-06-20,5,500,D,MY ,161,MSW,80000,00452
BEL,2019-06-20,6,600,D,SY ,58,MSW,62000,00544
BEL,2019-06-20,7,800,D,SY ,52,CLM,44000,00614
BEL,2019-06-20,8,850,D,SY ,36,AOC,70000,00646
BEL,2019-06-20,9,850,D,SY ,36,MSW,62000,00718
BEL,2019-06-21,1,800,D,SY ,46,MCL,33000,00132
BEL,2019-06-21,2,500,D,SY ,144,MSW,80000,00202
BEL,2019-06-21,3,600,D,SY ,54,ALW,66000,00234
BEL,2019-06-21,4,800,D,SY ,46,CLM,60000,00308
BEL,2019-06-21,5,800,D,SY ,46,CLM,39000,00340
BEL,2019-06-21,6,600,D,SY ,54,AOC,82000,00412
BEL,2019-06-21,7,500,D,SY ,144,MSW,80000,00445
BEL,2019-06-21,8,600,D,SY ,54,AOC,82000,00518
BEL,2019-06-21,9,550,D,SY ,74,MCL,30000,00551
BEL,2019-06-22,1,700,D,FT ,54,CLM,28000,00134
BEL,2019-06-22,2,700,T,GD ,50,MSW,80000,00202
BEL,2019-06-22,3,850,I,GD ,75,AOC,85000,00234
BEL,2019-06-22,4,500,D,FT ,148,MSW,62000,00308
BEL,2019-06-22,5,800,T,GD ,126,WCL,39000,00340
BEL,2019-06-22,6,600,D,FT ,45,MSW,62000,00415
BEL,2019-06-22,7,850,I,GD ,75,STR,55000,00447
BEL,2019-06-22,8,650,D,FT ,56,ALW,66000,00519
BEL,2019-06-22,9,800,T,GD ,126,STK,100000,00551
BEL,2019-06-22,10,600,I,GD ,136,MCL,41000,00624
BEL,2019-06-23,1,650,D,FT ,52,WCL,42000,00132
BEL,2019-06-23,2,500,D,FT ,151,MSW,62000,00202
BEL,2019-06-23,3,850,I,FM ,56,AOC,87000,00234
BEL,2019-06-23,4,600,D,FT ,54,MSW,80000,00308
BEL,2019-06-23,5,700,T,FM ,63,STK,150000,00340
BEL,2019-06-23,6,500,D,FT ,151,MSW,62000,00412
BEL,2019-06-23,7,600,D,FT ,54,ALW,82000,00445
BEL,2019-06-23,8,700,T,FM ,63,STK,150000,00518
BEL,2019-06-23,9,600,I,FM ,124,MCL,41000,00551
BEL,2019-06-26,1,850,T,FM ,58,MSW,62000,00132
BEL,2019-06-26,2,600,D,FT ,63,AOC,70000,00205
BEL,2019-06-26,3,850,I,FM ,84,CLM,60000,00238
BEL,2019-06-26,4,600,T,FM ,72,AOC,82000,00314
BEL,2019-06-26,5,850,I,FM ,84,MCL,46000,00346
BEL,2019-06-26,6,500,D,FT ,135,MSW,62000,00418
BEL,2019-06-26,7,600,T,FM ,72,ALW,66000,00454
BEL,2019-06-26,8,600,I,FM ,102,MCL,41000,00526
BEL,2019-06-27,1,850,D,FT ,44,CLM,28000,00305
BEL,2019-06-27,2,700,T,FM ,96,CLM,42000,00336
BEL,2019-06-27,3,700,D,FT ,48,CLM,28000,00407
BEL,2019-06-27,4,800,D,FT ,52,MCL,33000,00438
BEL,2019-06-27,5,600,D,FT ,63,CLM,50000,00510
BEL,2019-06-27,6,900,I,FM ,234,AOC,82000,00542
BEL,2019-06-27,7,600,T,FM ,82,CLM,50000,00615
BEL,2019-06-27,8,800,D,FT ,52,AOC,82000,00646
BEL,2019-06-27,9,600,I,FM ,108,MSW,80000,00718
BEL,2019-06-28,1,700,T,FM ,84,CLM,44000,00132
BEL,2019-06-28,2,800,D,FT ,52,MCL,30000,00206
BEL,2019-06-28,3,850,I,FM ,82,STR,55000,00237
BEL,2019-06-28,4,500,D,FT ,135,MCL,52000,00311
BEL,2019-06-28,5,600,D,FT ,63,CLM,50000,00342
BEL,2019-06-28,6,1000,I,FM ,112,AOC,90000,00413
BEL,2019-06-28,7,800,T,FM ,75,STR,55000,00445
BEL,2019-06-28,8,600,I,FM ,102,AOC,87000,00523
BEL,2019-06-28,9,700,T,FM ,84,MCL,41000,00555
BEL,2019-06-29,1,800,D,FT ,52,MCL,46000,00132
BEL,2019-06-29,2,850,I,FM ,81,AOC,70000,00202
BEL,2019-06-29,3,700,T,FM ,102,MSW,62000,00234
BEL,2019-06-29,4,700,D,FT ,50,CLM,42000,00308
BEL,2019-06-29,5,800,T,FM ,76,MCL,41000,00340
BEL,2019-06-29,6,600,D,FT ,56,MSW,80000,00412
BEL,2019-06-29,7,800,T,FM ,76,STK,100000,00445
BEL,2019-06-29,8,850,D,FT ,45,STK,250000,00512
BEL,2019-06-29,9,600,I,FM ,96,STR,55000,00548
BEL,2019-06-30,1,850,I,FM ,76,CLM,50000,00132
BEL,2019-06-30,2,700,T,FM ,90,MSW,62000,00202
BEL,2019-06-30,3,650,D,FT ,54,CLM,36000,00234
BEL,2019-06-30,4,600,I,FM ,96,MSW,80000,00308
BEL,2019-06-30,5,600,D,FT ,63,MCL,33000,00344
BEL,2019-06-30,6,600,T,FM ,85,STR,55000,00412
BEL,2019-06-30,7,850,D,FT ,45,STK,100000,00445
BEL,2019-06-30,8,850,I,FM ,76,CLM,45000,00518
BEL,2019-07-03,1,650,D,FT ,48,CLM,28000,00130
BEL,2019-07-03,2,600,D,FT ,54,STR,55000,00202
BEL,2019-07-03,3,1000,I,FM ,130,MSW,90000,00235
BEL,2019-07-03,4,600,T,FM ,156,CLM,55000,00308
BEL,2019-07-03,5,550,D,FT ,72,MSW,80000,00341
BEL,2019-07-03,6,650,D,FT ,48,STR,55000,00415
BEL,2019-07-03,7,850,I,FM ,90,AOC,87000,00445
BEL,2019-07-03,8,600,D,FT ,54,CLM,28000,00518
BEL,2019-07-04,1,600,I,FM ,102,CLM,48000,00132
BEL,2019-07-04,2,850,T,FM ,166,MSW,80000,00202
BEL,2019-07-04,3,800,D,FT ,52,CLM,28000,00240
BEL,2019-07-04,4,850,I,FM ,90,AOC,85000,00313
BEL,2019-07-04,5,550,D,FT ,63,MSW,80000,00345
BEL,2019-07-04,6,700,T,FM ,92,MCL,41000,00416
BEL,2019-07-04,7,900,I,FM ,243,ALW,66000,00447
BEL,2019-07-04,8,800,T,FM ,182,STK,100000,00520
BEL,2019-07-04,9,650,D,FT ,48,MCL,33000,00552
BEL,2019-07-05,1,850,I,FM ,27,ALW,82000,00132
BEL,2019-07-05,2,700,T,FM ,90,AOC,70000,00203
BEL,2019-07-05,3,650,D,FT ,47,CLM,28000,00234
BEL,2019-07-05,4,600,I,FM ,130,CLM,39000,00310
BEL,2019-07-05,5,600,D,FT ,54,STR,55000,00340
BEL,2019-07-05,6,1000,I,FM ,38,MSW,90000,00412
BEL,2019-07-05,7,1200,T,FM ,126,STK,100000,00450
BEL,2019-07-05,8,650,D,FT ,47,STK,150000,00522
BEL,2019-07-05,9,800,T,FM ,166,MCL,41000,00556
BEL,2019-07-06,1,600,D,FT ,65,CLM,36000,00102
BEL,2019-07-06,2,850,T,FM ,166,MCL,41000,00134
BEL,2019-07-06,3,600,D,FT ,65,MSW,62000,00206
BEL,2019-07-06,4,650,D,FT ,62,ALW,66000,00243
BEL,2019-07-06,5,600,T,FM ,156,MSW,80000,00318
BEL,2019-07-06,6,800,D,FT ,48,STK,250000,00352
BEL,2019-07-06,7,1000,I,FM ,38,STK,750000,00430
BEL,2019-07-06,8,700,D,FT ,56,STK,300000,00505
BEL,2019-07-06,9,1000,I,FM ,38,STK,1000000,00545
BEL,2019-07-06,10,1000,D,FT ,72,STK,700000,00620
BEL,2019-07-06,11,800,T,FM ,172,MSW,80000,00651
BEL,2019-07-07,1,850,I,FM ,44,CLM,39000,01232
BEL,2019-07-07,2,700,T,FM ,90,ALW,82000,00103
BEL,2019-07-07,3,600,D,FT ,60,MSW,62000,00135
BEL,2019-07-07,4,600,D,FT ,60,CLM,28000,00208
BEL,2019-07-07,5,800,T,FM ,172,MSW,62000,00241
BEL,2019-07-07,6,600,I,FM ,148,MCL,46000,00313
BEL,2019-07-07,7,700,T,FM ,90,AOC,70000,00347
BEL,2019-07-07,8,850,D,FT ,45,STK,100000,00418
BEL,2019-07-07,9,650,D,FT ,50,MSW,80000,00452
BEL,2019-09-06,1,800,D,SY ,72,ALW,66000,00302
BEL,2019-09-06,2,600,D,SY ,76,MSW,62000,00335
BEL,2019-09-06,3,700,D,SY ,44,CLM,50000,00404
BEL,2019-09-06,4,600,T,YL ,78,MSW,75000,00439
BEL,2019-09-06,5,600,D,SY ,76,AOC,70000,00508
BEL,2019-09-06,6,850,D,SY ,40,MSW,75000,00540
BEL,2019-09-06,7,600,I,YL ,126,STK,100000,00612
BEL,2019-09-06,8,850,D,SY ,40,MSW,62000,00644
BEL,2019-09-07,1,600,D,FT ,63,ALW,66000,00103
BEL,2019-09-07,2,600,I,GD ,126,MCL,41000,00133
BEL,2019-09-07,3,650,D,FT ,54,CLM,60000,00205
BEL,2019-09-07,4,850,T,GD ,56,MCL,41000,00237
BEL,2019-09-07,5,650,D,FT ,54,MSW,75000,00309
BEL,2019-09-07,6,600,I,GD ,126,STR,55000,00341
BEL,2019-09-07,7,700,T,GD ,80,ALW,77000,00412
BEL,2019-09-07,8,1200,D,FT ,72,STK,300000,00443
BEL,2019-09-07,9,1100,I,GD ,30,STK,750000,00516
BEL,2019-09-07,10,1200,T,GD ,63,STK,1000000,00547
BEL,2019-09-07,11,700,D,FT ,54,MCL,33000,00621
BEL,2019-09-08,1,600,T,FM ,72,MSW,62000,00103
BEL,2019-09-08,2,800,D,FT ,78,CLM,28000,00133
BEL,2019-09-08,3,600,I,FM ,126,MCL,41000,00205
BEL,2019-09-08,4,700,D,FT ,54,CLM,36000,00233
BEL,2019-09-08,5,800,T,FM ,77,MSW,62000,00310
BEL,2019-09-08,6,600,I,FM ,126,ALW,66000,00342
BEL,2019-09-08,7,800,D,FT ,78,MSW,75000,00414
BEL,2019-09-08,8,600,T,FM ,72,STK,100000,00450
BEL,2019-09-08,9,850,I,FM ,18,CLM,50000,00518
BEL,2019-09-11,1,800,D,FT ,78,MSW,75000,00303
BEL,2019-09-11,2,600,I,FM ,162,CLM,44000,00333
BEL,2019-09-11,3,600,D,FT ,50,MCL,33000,00405
BEL,2019-09-11,4,600,D,FT ,50,CLM,28000,00436
BEL,2019-09-11,5,800,T,FM ,104,CLM,39000,00508
BEL,2019-09-11,6,850,D,FT ,44,AOC,70000,00540
BEL,2019-09-11,7,850,I,FM ,63,AOC,77000,00612
BEL,2019-09-11,8,850,T,FM ,90,MSW,62000,00645
BEL,2019-09-12,1,850,I,FM ,63,CLM,50000,00302
BEL,2019-09-12,2,800,D,FT ,78,MSW,75000,00333
BEL,2019-09-12,3,600,D,FT ,60,CLM,60000,00404
BEL,2019-09-12,4,850,T,FM ,92,MCL,52000,00437
BEL,2019-09-12,5,650,D,FT ,38,AOC,70000,00509
BEL,2019-09-12,6,850,I,FM ,63,CLM,70000,00541
BEL,2019-09-12,7,650,D,FT ,38,AOC,85000,00612
BEL,2019-09-12,8,800,T,FM ,108,MCL,41000,00645
BEL,2019-09-13,1,800,D,FT ,78,MCL,35000,00300
BEL,2019-09-13,2,600,T,FM ,108,MSW,62000,00334
BEL,2019-09-13,3,800,D,FT ,78,ALW,66000,00404
BEL,2019-09-13,4,600,I,FM ,171,MSW,62000,00437
BEL,2019-09-13,5,800,T,FM ,110,ALW,77000,00508
BEL,2019-09-13,6,600,D,FT ,63,MCL,46000,00544
BEL,2019-09-13,7,600,I,FM ,171,AOC,85000,00615
BEL,2019-09-13,8,800,T,FM ,110,CLM,48000,00644
BEL,2019-09-14,1,600,D,FT ,63,CLM,28000,00100
BEL,2019-09-14,2,850,I,FM ,66,MCL,41000,00134
BEL,2019-09-14,3,650,D,FT ,48,AOC,85000,00205
BEL,2019-09-14,4,600,D,FT ,63,MSW,62000,00236
BEL,2019-09-14,5,850,T,FM ,90,CLM,39000,00307
BEL,2019-09-14,6,650,D,FT ,48,MSW,75000,00341
BEL,2019-09-14,7,800,T,FM ,108,MSW,75000,00412
BEL,2019-09-14,8,850,I,FM ,66,STR,55000,00442
BEL,2019-09-14,9,650,D,FT ,48,ALW,66000,00518
BEL,2019-09-14,10,800,T,FM ,108,STK,200000,00553
BEL,2019-09-14,11,600,I,FM ,171,CLM,39000,00627
BEL,2019-09-15,1,650,D,FT ,45,CLM,28000,00100
BEL,2019-09-15,2,600,T,FM ,102,MCL,41000,00134
BEL,2019-09-15,3,900,I,FM ,153,AOC,85000,00204
BEL,2019-09-15,4,600,D,FT ,63,MCL,46000,00235
BEL,2019-09-15,5,800,T,FM ,108,CLM,44000,00307
BEL,2019-09-15,6,600,D,FT ,63,ALW,77000,00340
BEL,2019-09-15,7,1000,I,FM ,95,MSW,90000,00416
BEL,2019-09-15,8,600,D,FT ,63,MSW,62000,00450
BEL,2019-09-15,9,700,T,FM ,117,AOC,70000,00522
BEL,2019-09-15,10,600,I,FM ,175,CLM,50000,00557
BEL,2019-09-18,1,1800,M,FM ,0,STK,75000,00302
BEL,2019-09-18,2,700,D,FT ,54,MCL,50000,00333
BEL,2019-09-18,3,850,D,FT ,46,ALW,77000,00405
BEL,2019-09-18,4,600,I,FM ,135,CLM,44000,00435
BEL,2019-09-18,5,800,T,FM ,140,MSW,62000,00507
BEL,2019-09-18,6,600,I,FM ,135,ALW,66000,00538
BEL,2019-09-18,7,700,D,FT ,54,STK,150000,00609
BEL,2019-09-18,8,800,T,FM ,140,MSW,62000,00640
BEL,2019-09-19,1,2000,M,FM ,0,STK,150000,00304
BEL,2019-09-19,2,600,D,FT ,75,MCL,32000,00335
BEL,2019-09-19,3,700,D,FT ,54,CLM,41000,00404
BEL,2019-09-19,4,1000,I,FM ,84,MSW,90000,00436
BEL,2019-09-19,5,600,T,FM ,135,MSW,75000,00506
BEL,2019-09-19,6,850,D,FT ,45,AOC,70000,00537
BEL,2019-09-19,7,1000,I,FM ,84,AOC,77000,00608
BEL,2019-09-19,8,800,T,FM ,142,MSW,62000,00640
BEL,2019-09-20,1,600,D,FT ,63,CLM,41000,00300
BEL,2019-09-20,2,600,D,FT ,63,CLM,55000,00332
BEL,2019-09-20,3,700,D,FT ,66,STK,150000,00407
BEL,2019-09-20,4,600,I,FM ,135,ALW,77000,00436
BEL,2019-09-20,5,800,T,FM ,142,AOC,80000,00507
BEL,2019-09-20,6,650,D,FT ,45,MSW,75000,00538
BEL,2019-09-20,7,900,I,FM ,189,AOC,85000,00608
BEL,2019-09-20,8,600,T,FM ,126,MSW,62000,00640
BEL,2019-09-21,1,650,D,FT ,48,CLM,43000,00100
BEL,2019-09-21,2,850,I,FM ,78,MCL,41000,00134
BEL,2019-09-21,3,850,D,FT ,45,ALW,77000,00204
BEL,2019-09-21,4,850,T,FM ,148,MSW,75000,00236
BEL,2019-09-21,5,600,D,FT ,63,CLM,28000,00307
BEL,2019-09-21,6,600,D,FT ,63,MSW,75000,00340
BEL,2019-09-21,7,850,I,FM ,78,MSW,75000,00410
BEL,2019-09-21,8,800,T,FM ,142,STK,200000,00442
BEL,2019-09-21,9,800,D,FT ,72,STR,55000,00520
BEL,2019-09-21,10,800,D,FT ,72,STK,300000,00553
BEL,2019-09-21,11,800,T,FM ,142,ALW,66000,00625
BEL,2019-09-22,1,600,D,FT ,68,CLM,50000,00101
BEL,2019-09-22,2,600,T,FM ,126,MCL,41000,00133
BEL,2019-09-22,3,650,D,FT ,45,STK,300000,00204
BEL,2019-09-22,4,600,I,FM ,135,MSW,75000,00235
BEL,2019-09-22,5,850,T,FM ,128,AOC,85000,00307
BEL,2019-09-22,6,700,D,FT ,63,MSW,62000,00338
BEL,2019-09-22,7,900,I,FM ,189,STK,125000,00410
BEL,2019-09-22,8,600,D,FT ,68,ALW,77000,00443
BEL,2019-09-22,9,900,I,FM ,189,STK,125000,00514
BEL,2019-09-22,10,800,T,FM ,142,ALW,66000,00546
BEL,2019-09-25,1,650,D,FT ,36,MSW,62000,00102
BEL,2019-09-25,2,850,D,FT ,54,CLM,28000,00133
BEL,2019-09-25,3,650,D,FT ,36,CLM,39000,00205
BEL,2019-09-25,4,650,D,FT ,36,MSW,75000,00235
BEL,2019-09-25,5,850,D,FT ,54,CLM,43000,00307
BEL,2019-09-25,6,800,T,FM ,168,CLM,55000,00339
BEL,2019-09-25,7,600,D,FT ,58,AOC,70000,00411
BEL,2019-09-25,8,600,I,FM ,101,MCL,41000,00443
BEL,2019-09-26,1,800,T,FM ,168,MCL,46000,00102
BEL,2019-09-26,2,600,D,FT ,48,CLM,28000,00133
BEL,2019-09-26,3,850,I,FM ,84,MCL,46000,00204
BEL,2019-09-26,4,600,D,FT ,48,MCL,33000,00236
BEL,2019-09-26,5,800,T,FM ,168,CLM,44000,00307
BEL,2019-09-26,6,550,D,FT ,66,MCL,46000,00339
BEL,2019-09-26,7,850,T,FM ,172,STR,55000,00411
BEL,2019-09-26,8,850,I,FM ,84,CLM,39000,00444
BEL,2019-09-27,1,850,D,FT ,48,MCL,30000,00100
BEL,2019-09-27,2,600,D,FT ,56,CLM,36000,00133
BEL,2019-09-27,3,650,D,FT ,40,CLM,50000,00204
BEL,2019-09-27,4,800,T,FM ,172,MSW,62000,00225
BEL,2019-09-27,5,600,I,FM ,98,MSW,75000,00312
BEL,2019-09-27,6,850,D,FT ,48,ALW,66000,00342
BEL,2019-09-27,7,600,T,FM ,162,AOC,80000,00413
BEL,2019-09-27,8,600,I,FM ,98,CLM,39000,00444
BEL,2019-09-28,1,650,D,FT ,44,AOC,70000,00100
BEL,2019-09-28,2,650,D,FT ,44,MSW,62000,00134
BEL,2019-09-28,3,700,T,FM ,90,ALW,77000,00204
BEL,2019-09-28,4,600,D,FT ,63,STK,300000,00235
BEL,2019-09-28,5,850,I,FM ,84,MSW,75000,00307
BEL,2019-09-28,6,600,D,FT ,63,MSW,75000,00342
BEL,2019-09-28,7,600,I,FM ,102,AOC,70000,00413
BEL,2019-09-28,8,900,D,FT ,20,STK,300000,00443
BEL,2019-09-28,9,850,T,FM ,166,STK,200000,00516
BEL,2019-09-28,10,1000,D,FT ,72,STK,750000,00549
BEL,2019-09-28,11,800,T,FM ,172,MSW,75000,00628
BEL,2019-09-29,1,700,T,FM ,90,CLM,55000,00101
BEL,2019-09-29,2,600,D,FT ,60,MSW,62000,00134
BEL,2019-09-29,3,850,D,FT ,48,CLM,36000,00204
BEL,2019-09-29,4,700,T,FM ,90,MCL,41000,00237
BEL,2019-09-29,5,650,D,FT ,44,ALW,66000,00307
BEL,2019-09-29,6,600,I,FM ,102,MSW,62000,00339
BEL,2019-09-29,7,850,D,FT ,48,AOC,80000,00411
BEL,2019-09-29,8,850,I,FM ,84,STK,200000,00444
BEL,2019-09-29,9,700,T,FM ,90,MCL,41000,00517
BEL,2019-10-02,1,650,D,FT ,45,CLM,32000,00115
BEL,2019-10-02,2,900,I,FM ,234,MCL,41000,00149
BEL,2019-10-02,3,700,D,FT ,45,MCL,35000,00225
BEL,2019-10-02,4,850,T,FM ,171,CLM,50000,00259
BEL,2019-10-02,5,600,D,FT ,56,SOC,50000,00332
BEL,2019-10-02,6,700,D,FT ,45,CLM,55000,00405
BEL,2019-10-02,7,850,I,FM ,90,STR,55000,00440
BEL,2019-10-02,8,700,T,FM ,72,STR,55000,00512
BEL,2019-10-03,1,650,D,SY ,48,MCL,52000,00115
BEL,2019-10-03,2,600,D,SY ,65,MSW,62000,00149
BEL,2019-10-03,3,800,D,SY ,72,CLM,42000,00225
BEL,2019-10-03,4,600,D,SY ,65,CLM,39000,00259
BEL,2019-10-03,5,650,D,SY ,48,MCL,33000,00335
BEL,2019-10-03,6,700,D,SY ,50,ALW,66000,00406
BEL,2019-10-03,7,850,D,SY ,52,AOC,85000,00440
BEL,2019-10-03,8,650,D,SY ,48,MCL,46000,00512
BEL,2019-10-04,1,650,D,MY ,48,MCL,30000,00115
BEL,2019-10-04,2,600,D,MY ,68,MSW,62000,00149
BEL,2019-10-04,3,800,D,MY ,72,CLM,50000,00225
BEL,2019-10-04,4,650,D,MY ,48,CLM,32000,00259
BEL,2019-10-04,5,850,I,GD ,90,CLM,60000,00335
BEL,2019-10-04,6,800,T,GD ,76,AOC,70000,00405
BEL,2019-10-04,7,800,D,MY ,72,MSW,75000,00441
BEL,2019-10-04,8,850,D,MY ,52,MSW,62000,00512
BEL,2019-10-05,1,600,D,FT ,66,STR,50000,01220
BEL,2019-10-05,2,550,D,FT ,74,MCL,46000,01254
BEL,2019-10-05,3,850,I,GD ,30,ALW,77000,00126
BEL,2019-10-05,4,800,D,FT ,72,MSW,75000,00200
BEL,2019-10-05,5,600,T,GD ,70,STK,150000,00232
BEL,2019-10-05,6,600,I,FM ,136,STK,150000,00308
BEL,2019-10-05,7,800,D,FT ,72,MSW,75000,00342
BEL,2019-10-05,8,900,I,FM ,90,STK,400000,00417
BEL,2019-10-05,9,1200,T,FM ,36,STK,500000,00450
BEL,2019-10-05,10,800,D,FT ,72,STK,500000,00522
BEL,2019-10-05,11,800,T,FM ,76,MSW,75000,00557
BEL,2019-10-06,1,850,I,FM ,38,MSW,62000,01248
BEL,2019-10-06,2,650,D,FT ,48,CLM,28000,00118
BEL,2019-10-06,3,1000,I,FM ,42,AOC,90000,00151
BEL,2019-10-06,4,800,T,FM ,76,AOC,70000,00225
BEL,2019-10-06,5,650,D,FT ,48,MCL,46000,00305
BEL,2019-10-06,6,600,D,FT ,65,MSW,75000,00340
BEL,2019-10-06,7,600,T,FM ,84,STK,150000,00415
BEL,2019-10-06,8,1000,I,FM ,42,STK,500000,00447
BEL,2019-10-06,9,800,D,FT ,72,STK,400000,00521
BEL,2019-10-06,10,700,T,FM ,90,MCL,41000,00554
BEL,2019-10-10,1,850,D,FT ,50,MCL,35000,00115
BEL,2019-10-10,2,850,I,FM ,45,MCL,41000,00149
BEL,2019-10-10,3,700,D,FT ,54,ALW,77000,00223
BEL,2019-10-10,4,600,T,FM ,101,CLM,55000,00257
BEL,2019-10-10,5,600,D,FT ,58,SOC,50000,00332
BEL,2019-10-10,6,600,I,FM ,174,AOC,70000,00405
BEL,2019-10-10,7,650,D,FT ,48,AOC,85000,00440
BEL,2019-10-10,8,600,T,FM ,101,MCL,41000,00511
BEL,2019-10-11,1,600,T,GD ,101,MCL,41000,00115
BEL,2019-10-11,2,650,D,FT ,48,MCL,35000,00149
BEL,2019-10-11,3,600,D,FT ,60,CLM,28000,00223
BEL,2019-10-11,4,600,T,GD ,101,MSW,62000,00257
BEL,2019-10-11,5,900,I,GD ,135,CLM,45000,00337
BEL,2019-10-11,6,600,D,FT ,60,ALW,66000,00411
BEL,2019-10-11,7,1000,I,GD ,92,AOC,77000,00444
BEL,2019-10-11,8,850,D,FT ,50,CLM,28000,00516
BEL,2019-10-12,1,600,D,FT ,65,MCL,35000,01245
BEL,2019-10-12,2,850,I,FM ,54,CLM,60000,00118
BEL,2019-10-12,3,600,D,FT ,65,CLM,50000,00151
BEL,2019-10-12,4,600,T,FM ,103,ALW,77000,00224
BEL,2019-10-12,5,700,D,FT ,54,CLM,55000,00259
BEL,2019-10-12,6,600,I,FM ,164,MSW,62000,00339
BEL,2019-10-12,7,600,T,FM ,103,STK,100000,00410
BEL,2019-10-12,8,700,D,FT ,54,MSW,75000,00442
BEL,2019-10-12,9,900,I,FM ,128,STK,200000,00514
BEL,2019-10-12,10,800,T,FM ,108,STR,55000,00552
BEL,2019-10-13,1,600,D,FT ,58,MSW,75000,00115
BEL,2019-10-13,2,700,T,FM ,126,CLM,42000,00149
BEL,2019-10-13,3,850,I,FM ,52,STR,55000,00223
BEL,2019-10-13,4,800,D,FT ,72,MSW,62000,00257
BEL,2019-10-13,5,850,I,FM ,52,AOC,80000,00332
BEL,2019-10-13,6,600,D,FT ,58,CLM,42000,00405
BEL,2019-10-13,7,1200,T,FM ,110,STK,100000,00440
BEL,2019-10-13,8,800,D,FT ,72,AOC,70000,00511
BEL,2019-10-13,9,700,T,FM ,126,MCL,41000,00541
BEL,2019-10-14,1,650,D,FT ,46,MCL,33000,00115
BEL,2019-10-14,2,700,T,FM ,126,CLM,50000,00150
BEL,2019-10-14,3,850,D,FT ,50,ALW,66000,00223
BEL,2019-10-14,4,600,D,FT ,64,CLM,36000,00257
BEL,2019-10-14,5,850,I,FM ,66,MCL,46000,00332
BEL,2019-10-14,6,700,T,FM ,126,MSW,75000,00405
BEL,2019-10-14,7,850,D,FT ,50,ALW,77000,00440
BEL,2019-10-14,8,900,I,FM ,138,STK,200000,00511
BEL,2019-10-14,9,600,D,FT ,64,CLM,28000,00541
BEL,2019-10-16,1,600,D,FT ,64,MCL,30000,00116
BEL,2019-10-16,2,600,D,FT ,64,STR,55000,00147
BEL,2019-10-16,3,850,I,FM ,76,MCL,41000,00220
BEL,2019-10-16,4,650,D,GD ,38,CLM,28000,00251
BEL,2019-10-16,5,800,T,FM ,175,MSW,62000,00326
BEL,2019-10-16,6,700,D,GD ,48,STR,55000,00356
BEL,2019-10-16,7,600,D,MY ,64,ALW,77000,00428
BEL,2019-10-16,8,850,D,MY ,50,CLM,39000,00459
BEL,2019-10-18,1,700,T,GD ,90,MCL,52000,00116
BEL,2019-10-18,2,600,D,FT ,56,MCL,33000,00149
BEL,2019-10-18,3,700,T,GD ,90,STR,50000,00225
BEL,2019-10-18,4,700,D,FT ,54,CLM,28000,00259
BEL,2019-10-18,5,850,I,GD ,76,CLM,39000,00334
BEL,2019-10-18,6,700,T,GD ,90,ALW,66000,00409
BEL,2019-10-18,7,650,D,FT ,45,AOC,70000,00444
BEL,2019-10-18,8,850,I,GD ,76,MCL,41000,00515
BEL,2019-10-19,1,900,I,FM ,236,ALW,66000,01220
BEL,2019-10-19,2,800,D,FT ,78,STK,250000,01254
BEL,2019-10-19,3,600,D,FT ,65,MSW,62000,00126
BEL,2019-10-19,4,850,T,FM ,171,STK,200000,00159
BEL,2019-10-19,5,900,D,FT ,20,STK,300000,00234
BEL,2019-10-19,6,650,D,FT ,56,STK,150000,00308
BEL,2019-10-19,7,650,D,FT ,56,STK,150000,00342
BEL,2019-10-19,8,800,D,FT ,78,STK,250000,00416
BEL,2019-10-19,9,850,I,FM ,76,STK,200000,00448
BEL,2019-10-19,10,800,D,FT ,78,STK,250000,00521
BEL,2019-10-19,11,700,T,FM ,90,MSW,62000,00553
BEL,2019-10-20,1,800,D,FT ,72,CLM,38000,01245
BEL,2019-10-20,2,600,T,FM ,156,MSW,75000,00119
BEL,2019-10-20,3,700,D,FT ,54,CLM,28000,00145
BEL,2019-10-20,4,900,I,FM ,234,MSW,75000,00214
BEL,2019-10-20,5,800,D,FT ,72,STR,55000,00243
BEL,2019-10-20,6,900,I,FM ,234,AOC,85000,00312
BEL,2019-10-20,7,800,T,FM ,178,CLM,55000,00341
BEL,2019-10-20,8,650,D,FT ,45,MSW,75000,00413
BEL,2019-10-20,9,850,I,FM ,78,STK,200000,00441
BEL,2019-10-20,10,700,T,GD ,90,WMC,41000,00512
BEL,2019-10-23,1,600,D,MY ,65,CLM,28000,00115
BEL,2019-10-23,2,650,D,MY ,52,MCL,30000,00149
BEL,2019-10-23,3,850,D,MY ,48,CLM,32000,00223
BEL,2019-10-23,4,700,D,MY ,54,MSW,62000,00257
BEL,2019-10-23,5,600,D,GD ,65,MSW,75000,00332
BEL,2019-10-23,6,600,D,GD ,65,ALW,66000,00405
BEL,2019-10-23,7,900,D,GD ,20,ALW,77000,00440
BEL,2019-10-23,8,850,D,GD ,48,MSW,62000,00511
BEL,2019-10-24,1,600,D,FT ,56,MCL,35000,00115
BEL,2019-10-24,2,600,D,FT ,56,MSW,62000,00149
BEL,2019-10-24,3,800,T,GD ,144,CLM,60000,00223
BEL,2019-10-24,4,850,D,FT ,52,MSW,75000,00302
BEL,2019-10-24,5,600,I,GD ,138,ALW,77000,00336
BEL,2019-10-24,6,800,D,FT ,72,ALW,66000,00413
BEL,2019-10-24,7,700,T,GD ,76,AOC,80000,00445
BEL,2019-10-24,8,850,I,GD ,74,MSW,75000,00517
BEL,2019-10-25,1,850,D,FT ,50,MSW,75000,00115
BEL,2019-10-25,2,850,I,GD ,76,MSW,62000,00149
BEL,2019-10-25,3,850,D,FT ,50,AOC,85000,00223
BEL,2019-10-25,4,700,T,GD ,82,AOC,70000,00259
BEL,2019-10-25,5,650,D,FT ,48,STR,55000,00335
BEL,2019-10-25,6,700,T,GD ,82,MSW,75000,00409
BEL,2019-10-25,7,850,D,FT ,50,CLM,65000,00441
BEL,2019-10-25,8,700,T,GD ,82,AOC,85000,00514
BEL,2019-10-25,9,600,I,GD ,138,MCL,41000,00543
BEL,2019-10-26,1,850,D,FT ,54,MSW,75000,01246
BEL,2019-10-26,2,850,I,GD ,78,MSW,62000,00119
BEL,2019-10-26,3,600,D,FT ,68,WCL,36000,00153
BEL,2019-10-26,4,650,D,FT ,44,MSW,62000,00226
BEL,2019-10-26,5,800,T,GD ,144,STK,100000,00259
BEL,2019-10-26,6,900,I,GD ,189,MSW,75000,00337
BEL,2019-10-26,7,850,T,GD ,135,ALW,77000,00414
BEL,2019-10-26,8,700,D,FT ,63,STK,200000,00447
BEL,2019-10-26,9,800,T,GD ,144,STK,100000,00519
BEL,2019-10-26,10,600,I,GD ,138,ALW,66000,00551
BEL,2019-10-27,1,850,D,SY ,48,MSW,75000,01221
SAR,2019-07-11,1,950,D,FT ,48,CLM,32000,00102
SAR,2019-07-11,2,550,T,FM ,85,MSW,90000,00136
SAR,2019-07-11,3,900,D,FT ,84,ALW,92000,00213
SAR,2019-07-11,4,800,I,FM ,78,CLM,50000,00248
SAR,2019-07-11,5,550,D,FT ,52,MSW,78000,00329
SAR,2019-07-11,6,550,T,GD ,85,ALW,80000,00403
SAR,2019-07-11,7,900,I,YL ,90,AOC,83000,00439
SAR,2019-07-11,8,600,D,MY ,45,STK,150000,00515
SAR,2019-07-11,9,550,T,YL ,85,STK,100000,00548
SAR,2019-07-11,10,900,D,SY ,81,MCL,48000,00625
SAR,2019-07-12,1,900,D,FT ,86,MCL,40000,00102
SAR,2019-07-12,2,900,D,FT ,82,MSW,78000,00137
SAR,2019-07-12,3,850,T,YL ,126,AOC,95000,00212
SAR,2019-07-12,4,700,D,FT ,27,CLM,34000,00248
SAR,2019-07-12,5,550,D,FT ,48,MSW,90000,00328
SAR,2019-07-12,6,900,D,FT ,80,CLM,70000,00404
SAR,2019-07-12,7,550,D,FT ,45,ALW,80000,00440
SAR,2019-07-12,8,900,D,FT ,80,AOC,80000,00515
SAR,2019-07-12,9,800,I,YL ,78,STK,150000,00551
SAR,2019-07-12,10,550,D,FT ,45,MCL,48000,00625
SAR,2019-07-13,1,700,D,FT ,30,CLM,35000,00104
SAR,2019-07-13,2,550,T,GD ,85,MCL,48000,00137
SAR,2019-07-13,3,600,D,FT ,45,STK,150000,00210
SAR,2019-07-13,4,550,D,FT ,50,MSW,90000,00247
SAR,2019-07-13,5,550,T,GD ,85,ALW,92000,00324
SAR,2019-07-13,6,850,I,GD ,24,MSW,90000,00404
SAR,2019-07-13,7,600,D,FT ,48,ALW,80000,00437
SAR,2019-07-13,8,550,T,GD ,85,MSW,90000,00511
SAR,2019-07-13,9,900,I,GD ,86,STK,500000,00547
SAR,2019-07-13,10,700,D,FT ,30,ALW,92000,00619
SAR,2019-07-13,11,800,I,GD ,81,CLM,52000,00656
SAR,2019-07-14,1,850,I,FM ,28,MSW,90000,00103
SAR,2019-07-14,2,600,D,FT ,48,WCL,45000,00136
SAR,2019-07-14,3,550,T,FM ,86,MSW,78000,00213
SAR,2019-07-14,4,550,D,FT ,45,MSW,78000,00249
SAR,2019-07-14,5,800,I,FM ,80,CLM,65000,00329
SAR,2019-07-14,6,900,T,FM ,134,ALW,80000,00405
SAR,2019-07-14,7,650,D,FT ,72,AOC,83000,00441
SAR,2019-07-14,8,850,I,FM ,28,AOC,92000,00516
SAR,2019-07-14,9,550,T,FM ,86,STK,100000,00552
SAR,2019-07-14,10,700,D,FT ,27,MCL,40000,00628
SAR,2019-07-17,2,600,D,SY ,48,STK,100000,00126
SAR,2019-07-17,3,550,D,SY ,50,AOC,95000,00210
SAR,2019-07-17,4,700,D,SY ,30,CLM,65000,00251
SAR,2019-07-17,5,550,D,SY ,50,MSW,75000,00324
SAR,2019-07-17,6,550,D,SY ,50,CLM,48000,00402
SAR,2019-07-17,7,700,D,SY ,30,MSW,90000,00436
SAR,2019-07-17,8,700,D,MY ,30,CLM,80000,00510
SAR,2019-07-17,9,600,D,MY ,48,AOC,95000,00545
SAR,2019-07-17,10,550,D,MY ,50,MSW,78000,00620
SAR,2019-07-18,1,700,D,FT ,30,STR,60000,00102
SAR,2019-07-18,2,550,D,FT ,45,MSW,75000,00136
SAR,2019-07-18,3,600,D,FT ,48,STK,100000,00212
SAR,2019-07-18,4,1100,I,GD ,225,AOC,92000,00248
SAR,2019-07-18,5,550,D,FT ,45,MSW,78000,00329
SAR,2019-07-18,6,900,D,FT ,78,MSW,90000,00404
SAR,2019-07-18,7,550,D,FT ,45,MCL,48000,00439
SAR,2019-07-18,8,850,T,GD ,126,AOC,92000,00515
SAR,2019-07-18,9,900,D,FT ,78,AOC,95000,00551
SAR,2019-07-18,10,550,D,FT ,45,AOC,83000,00625
SAR,2019-07-19,1,700,D,FT ,30,MCL,42000,00100
SAR,2019-07-19,2,700,D,FT ,30,CLM,52000,00137
SAR,2019-07-19,3,550,T,FM ,85,MSW,78000,00213
SAR,2019-07-19,4,700,D,FT ,30,CLM,45000,00248
SAR,2019-07-19,5,600,D,FT ,48,MSW,90000,00331
SAR,2019-07-19,6,850,T,FM ,130,STR,60000,00404
SAR,2019-07-19,7,1100,I,FM ,225,AOC,95000,00441
SAR,2019-07-19,8,600,D,FT ,48,AOC,98000,00515
SAR,2019-07-19,9,800,I,FM ,90,STK,150000,00551
SAR,2019-07-19,10,900,D,FT ,78,MCL,48000,00625
SAR,2019-07-21,1,1650,M,FM ,0,ALW,65000,01220
SAR,2019-07-21,2,700,D,FT ,30,CLM,35000,01255
SAR,2019-07-21,3,900,T,FM ,96,MCL,55000,00130
SAR,2019-07-21,4,900,D,FT ,80,STK,500000,00207
SAR,2019-07-21,5,900,D,FT ,76,MSW,90000,00244
SAR,2019-07-21,6,800,I,FM ,74,CLM,48000,00322
SAR,2019-07-21,7,550,T,FM ,88,MSW,90000,00357
SAR,2019-07-21,8,600,D,FT ,50,MSW,90000,00433
SAR,2019-07-21,9,800,I,FM ,74,ALW,92000,00510
SAR,2019-07-21,10,700,D,FT ,30,AOC,95000,00543
SAR,2019-07-21,11,550,T,FM ,88,STK,200000,00616
SAR,2019-07-21,12,850,I,FM ,27,ALW,80000,00648
SAR,2019-07-21,13,900,D,FT ,76,STK,200000,00720
SAR,2019-07-24,1,1650,M,GD ,0,STK,75000,01250
SAR,2019-07-24,2,700,D,FT ,32,MSW,78000,00125
SAR,2019-07-24,3,700,D,FT ,32,MSW,78000,00201
SAR,2019-07-24,4,950,T,GD ,196,AOC,98000,00236
SAR,2019-07-24,5,700,D,FT ,32,CLM,50000,00316
SAR,2019-07-24,6,550,D,FT ,48,MSW,90000,00357
SAR,2019-07-24,7,800,I,GD ,125,STK,150000,00432
SAR,2019-07-24,8,600,D,FT ,50,STK,200000,00509
SAR,2019-07-24,9,550,T,GD ,78,AOC,95000,00545
SAR,2019-07-24,10,700,D,FT ,32,ALW,92000,00620
SAR,2019-07-25,1,1650,M,FM ,0,STK,150000,01245
SAR,2019-07-25,2,550,D,FT ,45,MCL,52000,00119
SAR,2019-07-25,3,900,D,FT ,77,AOC,80000,00151
SAR,2019-07-25,4,1100,I,GD ,280,MSW,90000,00224
SAR,2019-07-26,1,700,D,MY ,32,MCL,40000,00100
SAR,2019-07-26,2,700,D,MY ,32,MSW,78000,00137
SAR,2019-07-26,3,550,D,MY ,45,ALW,92000,00212
SAR,2019-07-26,4,900,D,MY ,77,AOC,95000,00249
SAR,2019-07-26,5,600,D,MY ,50,CLM,34000,00329
SAR,2019-07-26,6,950,T,YL ,135,MSW,90000,00404
SAR,2019-07-26,7,700,D,MY ,32,STR,60000,00439
SAR,2019-07-26,8,550,T,YL ,63,AOC,83000,00515
SAR,2019-07-26,9,900,D,MY ,77,STK,100000,00551
SAR,2019-07-26,10,700,D,MY ,32,MCL,48000,00625
SAR,2019-07-27,1,550,T,GD ,74,MCL,48000,00102
SAR,2019-07-27,2,600,D,FT ,45,MSW,90000,00136
SAR,2019-07-27,3,550,T,GD ,74,CLM,52000,00210
SAR,2019-07-27,4,550,D,FT ,50,MSW,90000,00247
SAR,2019-07-27,5,850,I,GD ,28,AOC,95000,00320
SAR,2019-07-27,6,600,D,FT ,45,ALW,80000,00358
SAR,2019-07-27,7,850,T,GD ,128,MSW,90000,00432
SAR,2019-07-27,8,600,D,FT ,45,ALW,92000,00514
SAR,2019-07-27,9,600,D,FT ,45,STK,350000,00547
SAR,2019-07-27,10,1100,I,FM ,126,STK,250000,00619
SAR,2019-07-27,11,900,D,FT ,76,STK,600000,00651
SAR,2019-07-27,12,800,I,FM ,36,CLM,48000,00723
SAR,2019-07-28,1,600,D,FT ,47,MSW,78000,00104
SAR,2019-07-28,2,700,D,FT ,32,CLM,32000,00135
SAR,2019-07-28,3,550,T,FM ,54,STR,60000,00206
SAR,2019-07-28,4,700,D,FT ,32,ALW,80000,00240
SAR,2019-07-28,5,800,I,FM ,84,CLM,48000,00314
SAR,2019-07-28,6,900,D,FT ,78,CLM,65000,00346
SAR,2019-07-28,7,800,I,FM ,84,MSW,90000,00423
SAR,2019-07-28,8,600,D,FT ,47,MSW,78000,00456
SAR,2019-07-28,9,550,T,FM ,54,STR,75000,00529
SAR,2019-07-28,10,1100,I,FM ,280,AOC,92000,00604
SAR,2019-07-28,11,650,D,FT ,82,STK,200000,00639
SAR,2019-07-28,12,550,T,FM ,54,MCL,48000,00712
SAR,2019-07-31,1,900,D,FT ,76,STR,60000,00103
SAR,2019-07-31,2,650,D,FT ,82,CLM,45000,00146
SAR,2019-07-31,3,600,D,FT ,45,MSW,78000,00216
SAR,2019-07-31,4,800,I,GD ,92,STK,150000,00250
SAR,2019-07-31,5,550,D,FT ,45,MSW,75000,00328
SAR,2019-07-31,6,550,D,FT ,45,MSW,90000,00405
SAR,2019-07-31,7,850,I,GD ,36,ALW,92000,00439
SAR,2019-07-31,8,550,T,GD ,58,ALW,80000,00516
SAR,2019-07-31,9,700,D,FT ,30,STK,100000,00551
SAR,2019-07-31,10,850,T,GD ,128,MCL,48000,00626
SAR,2019-08-01,1,550,T,FM ,54,MSW,75000,00103
SAR,2019-08-01,2,600,D,FT ,52,STR,60000,00136
SAR,2019-08-01,3,550,D,FT ,54,MCL,52000,00212
SAR,2019-08-01,4,850,I,FM ,38,MCL,48000,00248
SAR,2019-08-01,5,550,T,FM ,54,CLM,48000,00330
SAR,2019-08-01,6,900,D,FT ,78,CLM,35000,00407
SAR,2019-08-01,7,800,I,FM ,92,AOC,83000,00441
SAR,2019-08-01,8,950,T,FM ,190,AOC,95000,00516
SAR,2019-08-01,9,1400,D,FT ,63,STK,100000,00551
SAR,2019-08-01,10,800,I,FM ,92,MSW,78000,00629
SAR,2019-08-02,1,600,D,FT ,48,MCL,40000,00100
SAR,2019-08-02,2,700,D,FT ,30,CLM,32000,00136
SAR,2019-08-02,3,550,T,FM ,66,MSW,78000,00213
SAR,2019-08-02,4,800,I,FM ,117,AOC,83000,00248
SAR,2019-08-02,5,900,D,FT ,77,CLM,34000,00326
SAR,2019-08-02,6,850,T,FM ,108,CLM,50000,00404
SAR,2019-08-02,7,800,I,FM ,121,STK,200000,00439
SAR,2019-08-02,8,900,D,FT ,74,STK,100000,00515
SAR,2019-08-02,9,950,T,FM ,45,STK,750000,00551
SAR,2019-08-02,10,850,I,FM ,54,MCL,48000,00631
SAR,2019-08-03,1,850,T,FM ,106,MSW,90000,00100
SAR,2019-08-03,2,900,D,FT ,78,ALW,92000,00136
SAR,2019-08-03,3,700,D,FT ,32,MSW,90000,00211
SAR,2019-08-03,4,800,I,FM ,82,WCL,67000,00246
SAR,2019-08-03,5,550,T,FM ,90,STK,200000,00321
SAR,2019-08-03,6,650,D,FT ,72,MSW,90000,00357
SAR,2019-08-03,7,850,I,FM ,27,STK,100000,00432
SAR,2019-08-03,8,700,D,FT ,32,STK,500000,00506
SAR,2019-08-03,9,900,D,FT ,77,STK,1000000,00546
SAR,2019-08-03,10,800,I,FM ,82,STK,100000,00623
SAR,2019-08-03,11,550,T,FM ,90,ALW,80000,00657
SAR,2019-08-04,1,700,D,FT ,32,MSW,90000,00101
SAR,2019-08-04,2,650,D,FT ,72,CLM,34000,00136
SAR,2019-08-04,3,650,D,FT ,72,STK,100000,00210
SAR,2019-08-04,4,850,T,FM ,102,MSW,90000,00246
SAR,2019-08-04,5,1200,I,FM ,65,STK,200000,00325
SAR,2019-08-04,6,600,D,FT ,48,CLM,52000,00406
SAR,2019-08-04,7,550,T,FM ,90,AOC,95000,00452
SAR,2019-08-04,8,850,I,FM ,38,ALW,80000,00525
SAR,2019-08-04,9,950,T,FM ,36,STK,1000000,00600
SAR,2019-08-04,10,650,D,FT ,72,STK,200000,00635
SAR,2019-08-04,11,800,I,FM ,58,MSW,90000,00708
SAR,2019-08-07,1,1650,M,FM ,0,STK,75000,01250
SAR,2019-08-07,2,600,D,FT ,54,MCL,42000,00123
SAR,2019-08-07,3,550,T,FM ,42,MSW,78000,00154
SAR,2019-08-07,4,800,I,FM ,30,CLM,70000,00226
SAR,2019-08-07,5,650,D,FT ,72,MSW,78000,00300
SAR,2019-08-07,6,550,T,FM ,42,STK,100000,00332
SAR,2019-08-07,7,650,D,FT ,72,CLM,52000,00403
SAR,2019-08-07,8,650,D,FT ,72,STR,60000,00434
SAR,2019-08-07,9,900,D,FT ,78,STK,101200,00507
SAR,2019-08-07,10,550,T,FM ,42,MCL,48000,00537
SAR,2019-08-08,1,900,D,FT ,77,STR,40000,00102
SAR,2019-08-08,2,600,D,FT ,54,CLM,52000,00138
SAR,2019-08-08,3,850,I,FM ,20,CLM,55000,00211
SAR,2019-08-08,4,700,D,FT ,32,CLM,65000,00244
SAR,2019-08-08,5,650,D,FT ,72,MSW,78000,00319
SAR,2019-08-08,6,550,T,FM ,45,MSW,90000,00350
SAR,2019-08-08,7,600,D,FT ,54,AOC,83000,00421
SAR,2019-08-08,8,900,D,FT ,82,STK,100000,00450
SAR,2019-08-08,9,850,I,FM ,20,ALW,92000,00522
SAR,2019-08-08,10,900,T,FM ,48,CLM,65000,00546
SAR,2019-08-09,1,550,T,FM ,45,CLM,48000,00100
SAR,2019-08-09,2,900,D,FT ,81,MCL,48000,00134
SAR,2019-08-09,3,850,I,FM ,27,STR,60000,00206
SAR,2019-08-09,4,550,T,FM ,45,MSW,78000,00239
SAR,2019-08-09,5,900,D,FT ,76,AOC,95000,00321
SAR,2019-08-09,6,550,T,FM ,45,MSW,90000,00352
SAR,2019-08-09,7,700,D,FT ,32,CLM,52000,00425
SAR,2019-08-09,8,800,I,FM ,30,AOC,95000,00454
SAR,2019-08-09,9,600,D,FT ,48,STK,100000,00526
SAR,2019-08-09,10,800,I,FM ,30,AOC,92000,00558
SAR,2019-08-10,1,850,I,FM ,32,CLM,52000,00100
SAR,2019-08-10,2,600,D,FT ,55,MSW,78000,00136
SAR,2019-08-10,3,850,T,FM ,20,MSW,90000,00211
SAR,2019-08-10,4,600,D,FT ,55,CLM,35000,00246
SAR,2019-08-10,5,600,D,FT ,55,MSW,90000,00321
SAR,2019-08-10,6,550,T,FM ,48,ALW,92000,00401
SAR,2019-08-10,7,600,D,FT ,55,MSW,90000,00443
SAR,2019-08-10,8,650,D,FT ,72,STK,200000,00517
SAR,2019-08-10,9,800,I,FM ,36,STK,500000,00549
SAR,2019-08-10,10,600,D,FT ,55,ALW,92000,00621
SAR,2019-08-10,11,550,T,FM ,48,MCL,48000,00659
SAR,2019-08-11,1,900,D,FT ,78,MSW,90000,00102
SAR,2019-08-11,2,900,I,FM ,63,STR,75000,00134
SAR,2019-08-11,3,850,T,FM ,22,MSW,90000,00207
SAR,2019-08-11,4,600,D,FT ,52,CLM,60000,00238
SAR,2019-08-11,5,550,T,FM ,54,AOC,83000,00311
SAR,2019-08-11,6,600,D,FT ,52,MSW,90000,00344
SAR,2019-08-11,7,900,I,FM ,63,ALW,80000,00414
SAR,2019-08-11,8,700,D,FT ,32,AOC,95000,00446
SAR,2019-08-11,9,550,T,FM ,54,STK,100000,00421
SAR,2019-08-11,10,850,I,FM ,40,MCL,48000,00555
SAR,2019-08-14,1,1650,M,FM ,32,ALW,65000,01250
SAR,2019-08-14,2,600,D,FT ,48,MSW,75000,00123
SAR,2019-08-14,3,600,D,FT ,48,CLM,38000,00154
SAR,2019-08-14,4,900,T,FM ,111,ALW,80000,00226
SAR,2019-08-14,5,700,D,FT ,32,MSW,90000,00300
SAR,2019-08-14,6,850,I,FM ,20,MSW,78000,00332
SAR,2019-08-14,7,550,T,FM ,72,STK,100000,00402
SAR,2019-08-14,8,700,D,FT ,32,CLM,52000,00434
SAR,2019-08-14,9,850,I,FM ,20,CLM,52000,00506
SAR,2019-08-14,10,550,T,FM ,72,STR,60000,00538
SAR,2019-08-15,1,850,T,FM ,96,CLM,52000,00102
SAR,2019-08-15,2,600,D,FT ,54,MSW,75000,00134
SAR,2019-08-15,3,700,D,FT ,32,AOC,98000,00206
SAR,2019-08-15,4,550,T,FM ,90,MSW,90000,00240
SAR,2019-08-15,5,700,D,FT ,32,MCL,52000,00312
SAR,2019-08-15,6,900,I,FM ,117,CLM,48000,00342
SAR,2019-08-15,7,550,T,FM ,90,ALW,80000,00414
SAR,2019-08-15,8,650,D,FT ,72,STK,100000,00446
SAR,2019-08-15,9,800,I,FM ,83,MSW,78000,00519
SAR,2019-08-16,1,850,I,FM ,20,MSW,78000,00100
SAR,2019-08-16,2,700,D,FT ,32,CLM,80000,00134
SAR,2019-08-16,3,950,T,FM ,42,MSW,90000,00206
SAR,2019-08-16,4,550,D,FT ,50,MCL,42000,00240
SAR,2019-08-16,5,600,D,FT ,55,AOC,95000,00311
SAR,2019-08-16,6,850,T,FM ,98,CLM,50000,00344
SAR,2019-08-16,7,850,I,FM ,20,AOC,98000,00414
SAR,2019-08-16,8,900,D,FT ,81,AOC,80000,00446
SAR,2019-08-16,9,550,T,FM ,90,STK,100000,00514
SAR,2019-08-16,10,800,I,FM ,68,MCL,48000,00550
SAR,2019-08-17,1,700,D,FT ,32,MSW,90000,00102
SAR,2019-08-17,2,650,D,FT ,72,CLM,80000,00135
SAR,2019-08-17,3,550,D,FT ,45,MCL,48000,00208
SAR,2019-08-17,4,650,D,FT ,72,CLM,32000,00241
SAR,2019-08-17,5,1100,I,GD ,270,AOC,95000,00316
SAR,2019-08-17,6,550,T,FM ,90,ALW,92000,00349
SAR,2019-08-17,7,650,D,FT ,72,MSW,90000,00421
SAR,2019-08-17,8,550,T,FM ,90,STK,100000,00453
SAR,2019-08-17,9,850,I,GD ,9,STK,200000,00519
SAR,2019-08-17,10,1000,D,SY ,68,STK,600000,00610
SAR,2019-08-17,11,700,D,SY ,32,ALW,80000,00641
SAR,2019-08-18,1,550,D,GD ,44,CLM,50000,00102
SAR,2019-08-18,2,700,D,GD ,32,CLM,38000,00134
SAR,2019-08-18,3,700,D,GD ,32,MSW,90000,00210
SAR,2019-08-18,4,800,I,GD ,162,ALW,92000,00242
SAR,2019-08-18,5,550,D,FT ,44,MCL,60000,00319
SAR,2019-08-18,6,650,D,FT ,72,MSW,90000,00354
SAR,2019-08-18,7,550,D,FT ,44,CLM,52000,00428
SAR,2019-08-18,8,700,D,FT ,32,STR,60000,00508
SAR,2019-08-18,9,900,D,FT ,81,STK,100000,00542
SAR,2019-08-18,10,900,D,FT ,80,CLM,48000,00608
SAR,2019-08-21,2,900,D,SY ,77,AOC,92000,00122
SAR,2019-08-21,3,550,D,SY ,54,MCL,60000,00158
SAR,2019-08-21,4,1000,D,SY ,70,STK,100000,00233
SAR,2019-08-21,5,550,D,SY ,54,MSW,78000,00305
SAR,2019-08-21,6,700,D,SY ,32,MSW,75000,00413
SAR,2019-08-21,7,700,D,SY ,32,CLM,42000,00444
SAR,2019-08-21,8,550,D,SY ,54,CLM,57000,00515
SAR,2019-08-21,9,600,D,SY ,50,ALW,80000,00546
SAR,2019-08-21,10,550,D,SY ,54,CLM,52000,00618
SAR,2019-08-22,1,1900,M,YL ,0,STK,150000,01250
SAR,2019-08-22,2,900,D,GD ,80,CLM,35000,00122
SAR,2019-08-22,3,950,T,YL ,162,ALW,92000,00154
SAR,2019-08-22,4,900,D,FT ,80,STR,60000,00226
SAR,2019-08-22,5,700,D,FT ,32,MSW,75000,00305
SAR,2019-08-22,6,900,D,FT ,77,MSW,90000,00337
SAR,2019-08-22,7,700,D,FT ,32,MSW,78000,00408
SAR,2019-08-22,8,900,D,FT ,80,AOC,83000,00437
SAR,2019-08-22,9,800,I,YL ,158,STK,100000,00508
SAR,2019-08-22,10,900,D,FT ,78,MCL,56000,00540
SAR,2019-08-23,1,550,T,GD ,75,MSW,78000,00100
SAR,2019-08-23,2,850,I,GD ,90,MSW,78000,00135
SAR,2019-08-23,3,900,D,FT ,78,STK,200000,00207
SAR,2019-08-23,4,550,D,FT ,50,MSW,78000,00238
SAR,2019-08-23,5,850,I,GD ,90,STK,150000,00310
SAR,2019-08-23,6,550,T,GD ,75,ALW,80000,00343
SAR,2019-08-23,7,650,D,FT ,80,STK,200000,00415
SAR,2019-08-23,8,650,D,FT ,80,STK,200000,00446
SAR,2019-08-23,9,850,I,GD ,90,STK,150000,00518
SAR,2019-08-23,10,900,D,FT ,80,STK,250000,00552
SAR,2019-08-23,11,950,T,GD ,108,MCL,48000,00624
SAR,2019-08-24,1,800,I,FM ,34,AOC,95000,01136
SAR,2019-08-24,2,600,D,FT ,45,MSW,90000,01210
SAR,2019-08-24,3,850,T,FM ,80,MSW,90000,01241
SAR,2019-08-24,4,650,D,FT ,80,ALW,92000,00115
SAR,2019-08-24,5,700,D,FT ,32,STK,600000,00148
SAR,2019-08-24,6,700,D,FT ,32,STK,500000,00224
SAR,2019-08-24,7,700,D,FT ,32,STK,500000,00300
SAR,2019-08-24,8,850,T,FM ,80,STK,400000,00337
SAR,2019-08-24,9,900,D,FT ,78,STK,700000,00414
SAR,2019-08-24,10,1200,I,FM ,162,STK,850000,00451
SAR,2019-08-24,11,1000,D,FT ,65,STK,1250000,00550
SAR,2019-08-24,12,550,T,FM ,79,AOC,83000,00623
SAR,2019-08-24,13,850,I,FM ,28,MSW,90000,00657
SAR,2019-08-25,1,600,D,FT ,48,MSW,90000,00103
SAR,2019-08-25,2,550,T,FM ,56,MSW,90000,00134
SAR,2019-08-25,3,1100,I,FM ,135,AOC,92000,00206
SAR,2019-08-25,4,700,D,FT ,33,CLM,45000,00239
SAR,2019-08-25,5,550,T,FM ,56,AOC,95000,00311
SAR,2019-08-25,6,600,D,FT ,48,CLM,34000,00343
SAR,2019-08-25,7,550,T,FM ,56,MCL,60000,00415
SAR,2019-08-25,8,800,I,FM ,38,STK,100000,00446
SAR,2019-08-25,9,900,D,FT ,78,ALW,92000,00520
SAR,2019-08-25,10,800,I,FM ,38,MCL,48000,00551
SAR,2019-08-28,1,1900,M,FM ,0,ALW,65000,01250
SAR,2019-08-28,2,600,D,FT ,50,SOC,52000,00122
SAR,2019-08-28,3,850,T,FM ,92,AOC,83000,00155
SAR,2019-08-28,4,600,D,FT ,50,MSW,90000,00236
SAR,2019-08-28,5,800,I,FM ,27,CLM,65000,00259
SAR,2019-08-28,6,600,D,FT ,50,MSW,78000,00332
SAR,2019-08-28,7,550,T,FM ,54,MSW,90000,00403
SAR,2019-08-28,8,600,D,FT ,50,STR,60000,00439
SAR,2019-08-28,9,850,I,FM ,20,STK,150000,00506
SAR,2019-08-28,10,550,T,FM ,54,MCL,48000,00542
SAR,2019-08-29,1,600,D,FT ,48,MSW,78000,00102
SAR,2019-08-29,2,900,I,FM ,24,AOC,83000,00135
SAR,2019-08-29,3,650,D,FT ,82,CLM,42000,00206
SAR,2019-08-29,4,550,T,FM ,52,STR,60000,00239
SAR,2019-08-29,5,700,D,FT ,32,CLM,35000,00311
SAR,2019-08-29,6,550,T,FM ,52,MSW,78000,00343
SAR,2019-08-29,7,600,D,FT ,48,MSW,78000,00414
SAR,2019-08-29,8,600,D,FT ,48,SOC,70000,00446
SAR,2019-08-29,9,850,T,FM ,90,STK,100000,00519
SAR,2019-08-29,10,800,I,FM ,27,MCL,48000,00551
SAR,2019-08-30,1,700,D,FT ,32,MSW,78000,00100
SAR,2019-08-30,2,900,D,FT ,78,CLM,34000,00134
SAR,2019-08-30,3,550,T,FM ,24,MCL,48000,00209
SAR,2019-08-30,4,600,D,FT ,48,AOC,98000,00238
SAR,2019-08-30,5,800,I,FM ,20,STR,75000,00310
SAR,2019-08-30,6,550,T,FM ,24,MSW,78000,00344
SAR,2019-08-30,7,550,D,FT ,52,MSW,90000,00415
SAR,2019-08-30,8,800,I,FM ,20,ALW,80000,00446
SAR,2019-08-30,9,900,D,FT ,78,CLM,70000,00519
SAR,2019-08-30,10,550,T,FM ,24,STK,100000,00550
SAR,2019-08-30,11,800,I,FM ,20,ALW,80000,00623
SAR,2019-08-31,1,850,I,FM ,20,MSW,90000,01232
SAR,2019-08-31,2,550,T,FM ,22,CLM,52000,00103
SAR,2019-08-31,3,600,D,FT ,48,STK,250000,00136
SAR,2019-08-31,4,550,T,FM ,22,AOC,95000,00209
SAR,2019-08-31,5,700,D,FT ,32,MSW,90000,00242
SAR,2019-08-31,6,850,I,FM ,20,STK,200000,00315
SAR,2019-08-31,7,700,D,FT ,32,MSW,90000,00352
SAR,2019-08-31,8,850,T,FM ,74,MSW,90000,00423
SAR,2019-08-31,9,700,D,FT ,32,ALW,92000,00458
SAR,2019-08-31,10,1100,I,FM ,162,STK,250000,00529
SAR,2019-08-31,11,900,D,FT ,80,STK,750000,00602
SAR,2019-08-31,12,600,D,FT ,48,MSW,90000,00636
SAR,2019-09-01,1,550,T,FM ,24,MSW,75000,01232
SAR,2019-09-01,2,700,D,FT ,32,MCL,44000,00104
SAR,2019-09-01,3,600,D,FT ,54,CLM,45000,00140
SAR,2019-09-01,4,550,T,FM ,24,ALW,92000,00211
SAR,2019-09-01,5,550,D,FT ,45,MCL,52000,00244
SAR,2019-09-01,6,700,D,FT ,32,CLM,60000,00317
SAR,2019-09-01,7,850,T,FM ,48,MSW,90000,00358
SAR,2019-09-01,8,700,D,FT ,32,MSW,90000,00434
SAR,2019-09-01,9,800,I,FM ,18,CLM,80000,00507
SAR,2019-09-01,10,600,D,FT ,54,STR,60000,00539
SAR,2019-09-01,11,700,D,FT ,32,STK,350000,00611
SAR,2019-09-01,12,850,I,FM ,22,ALW,80000,00641
SAR,2019-09-02,1,900,D,SY ,81,MSW,90000,01232
SAR,2019-09-02,2,650,D,SY ,80,CLM,52000,00105
SAR,2019-09-02,3,700,D,SY ,32,CLM,65000,00137
SAR,2019-09-02,4,900,D,SY ,80,CLM,52000,00209
SAR,2019-09-02,5,900,D,SY ,81,STR,60000,00240
SAR,2019-09-02,6,550,D,SY ,49,MSW,90000,00320
SAR,2019-09-02,7,900,D,SY ,79,CLM,48000,00356
SAR,2019-09-02,8,700,D,SY ,32,AOC,83000,00433
SAR,2019-09-02,9,850,I,SF ,22,STK,250000,00507
SAR,2019-09-02,10,700,D,SY ,32,STK,350000,00540
SAR,2019-09-02,11,700,D,SY ,32,MCL,40000,00614
